13900000001,123456,d3b1294a61a07da9b49b6e22b2cbd7f9,jmeter_1
13900000002,123456,d3b1294a61a07da9b49b6e22b2cbd7f9,jmeter_2
13900000003,123456,d3b1294a61a07da9b49b6e22b2cbd7f9,jmeter_3
13900000004,123456,d3b1294a61a07da9b49b6e22b2cbd7f9,jmeter_4
13900000005,123456,d3b1294a61a07da9b49b6e22b2cbd7f9,jmeter_5
13900000006,123456,d3b1294a61a07da9b49b6e22b2cbd7f9,jmeter_6
13900000007,123456,d3b1294a61a07da9b49b6e22b2cbd7f9,jmeter_7
13900000008,123456,d3b1294a61a07da9b49b6e22b2cbd7f9,jmeter_8
13900000009,123456,d3b1294a61a07da9b49b6e22b2cbd7f9,jmeter_9
13900000010,123456,d3b1294a61a07da9b49b6e22b2cbd7f9,jmeter_10
13900000011,123456,d3b1294a61a07da9b49b6e22b2cbd7f9,jmeter_11
13900000012,123456,d3b1294a61a07da9b49b6e22b2cbd7f9,jmeter_12
13900000013,123456,d3b1294a61a07da9b49b6e22b2cbd7f9,jmeter_13
13900000014,123456,d3b1294a61a07da9b49b6e22b2cbd7f9,jmeter_14
13900000015,123456,d3b1294a61a07da9b49b6e22b2cbd7f9,jmeter_15
13900000016,123456,d3b1294a61a07da9b49b6e22b2cbd7f9,jmeter_16
13900000017,123456,d3b1294a61a07da9b49b6e22b2cbd7f9,jmeter_17
13900000018,123456,d3b1294a61a07da9b49b6e22b2cbd7f9,jmeter_18
13900000019,123456,d3b1294a61a07da9b49b6e22b2cbd7f9,jmeter_19
13900000020,123456,d3b1294a61a07da9b49b6e22b2cbd7f9,jmeter_20
13900000021,123456,d3b1294a61a07da9b49b6e22b2cbd7f9,jmeter_21
13900000022,123456,d3b1294a61a07da9b49b6e22b2cbd7f9,jmeter_22
13900000023,123456,d3b1294a61a07da9b49b6e22b2cbd7f9,jmeter_23
13900000024,123456,d3b1294a61a07da9b49b6e22b2cbd7f9,jmeter_24
13900000025,123456,d3b1294a61a07da9b49b6e22b2cbd7f9,jmeter_25
13900000026,123456,d3b1294a61a07da9b49b6e22b2cbd7f9,jmeter_26
13900000027,123456,d3b1294a61a07da9b49b6e22b2cbd7f9,jmeter_27
13900000028,123456,d3b1294a61a07da9b49b6e22b2cbd7f9,jmeter_28
13900000029,123456,d3b1294a61a07da9b49b6e22b2cbd7f9,jmeter_29
13900000030,123456,d3b1294a61a07da9b49b6e22b2cbd7f9,jmeter_30
13900000031,123456,d3b1294a61a07da9b49b6e22b2cbd7f9,jmeter_31
13900000032,123456,d3b1294a61a07da9b49b6e22b2cbd7f9,jmeter_32
13900000033,123456,d3b1294a61a07da9b49b6e22b2cbd7f9,jmeter_33
13900000034,123456,d3b1294a61a07da9b49b6e22b2cbd7f9,jmeter_34
13900000035,123456,d3b1294a61a07da9b49b6e22b2cbd7f9,jmeter_35
13900000036,123456,d3b1294a61a07da9b49b6e22b2cbd7f9,jmeter_36
13900000037,123456,d3b1294a61a07da9b49b6e22b2cbd7f9,jmeter_37
13900000038,123456,d3b1294a61a07da9b49b6e22b2cbd7f9,jmeter_38
13900000039,123456,d3b1294a61a07da9b49b6e22b2cbd7f9,jmeter_39
13900000040,123456,d3b1294a61a07da9b49b6e22b2cbd7f9,jmeter_40
13900000041,123456,d3b1294a61a07da9b49b6e22b2cbd7f9,jmeter_41
13900000042,123456,d3b1294a61a07da9b49b6e22b2cbd7f9,jmeter_42
13900000043,123456,d3b1294a61a07da9b49b6e22b2cbd7f9,jmeter_43
13900000044,123456,d3b1294a61a07da9b49b6e22b2cbd7f9,jmeter_44
13900000045,123456,d3b1294a61a07da9b49b6e22b2cbd7f9,jmeter_45
13900000046,123456,d3b1294a61a07da9b49b6e22b2cbd7f9,jmeter_46
13900000047,123456,d3b1294a61a07da9b49b6e22b2cbd7f9,jmeter_47
13900000048,123456,d3b1294a61a07da9b49b6e22b2cbd7f9,jmeter_48
13900000049,123456,d3b1294a61a07da9b49b6e22b2cbd7f9,jmeter_49
13900000050,123456,d3b1294a61a07da9b49b6e22b2cbd7f9,jmeter_50
13900000051,123456,d3b1294a61a07da9b49b6e22b2cbd7f9,jmeter_51
13900000052,123456,d3b1294a61a07da9b49b6e22b2cbd7f9,jmeter_52
13900000053,123456,d3b1294a61a07da9b49b6e22b2cbd7f9,jmeter_53
13900000054,123456,d3b1294a61a07da9b49b6e22b2cbd7f9,jmeter_54
13900000055,123456,d3b1294a61a07da9b49b6e22b2cbd7f9,jmeter_55
13900000056,123456,d3b1294a61a07da9b49b6e22b2cbd7f9,jmeter_56
13900000057,123456,d3b1294a61a07da9b49b6e22b2cbd7f9,jmeter_57
13900000058,123456,d3b1294a61a07da9b49b6e22b2cbd7f9,jmeter_58
13900000059,123456,d3b1294a61a07da9b49b6e22b2cbd7f9,jmeter_59
13900000060,123456,d3b1294a61a07da9b49b6e22b2cbd7f9,jmeter_60
13900000061,123456,d3b1294a61a07da9b49b6e22b2cbd7f9,jmeter_61
13900000062,123456,d3b1294a61a07da9b49b6e22b2cbd7f9,jmeter_62
13900000063,123456,d3b1294a61a07da9b49b6e22b2cbd7f9,jmeter_63
13900000064,123456,d3b1294a61a07da9b49b6e22b2cbd7f9,jmeter_64
13900000065,123456,d3b1294a61a07da9b49b6e22b2cbd7f9,jmeter_65
13900000066,123456,d3b1294a61a07da9b49b6e22b2cbd7f9,jmeter_66
13900000067,123456,d3b1294a61a07da9b49b6e22b2cbd7f9,jmeter_67
13900000068,123456,d3b1294a61a07da9b49b6e22b2cbd7f9,jmeter_68
13900000069,123456,d3b1294a61a07da9b49b6e22b2cbd7f9,jmeter_69
13900000070,123456,d3b1294a61a07da9b49b6e22b2cbd7f9,jmeter_70
13900000071,123456,d3b1294a61a07da9b49b6e22b2cbd7f9,jmeter_71
13900000072,123456,d3b1294a61a07da9b49b6e22b2cbd7f9,jmeter_72
13900000073,123456,d3b1294a61a07da9b49b6e22b2cbd7f9,jmeter_73
13900000074,123456,d3b1294a61a07da9b49b6e22b2cbd7f9,jmeter_74
13900000075,123456,d3b1294a61a07da9b49b6e22b2cbd7f9,jmeter_75
13900000076,123456,d3b1294a61a07da9b49b6e22b2cbd7f9,jmeter_76
13900000077,123456,d3b1294a61a07da9b49b6e22b2cbd7f9,jmeter_77
13900000078,123456,d3b1294a61a07da9b49b6e22b2cbd7f9,jmeter_78
13900000079,123456,d3b1294a61a07da9b49b6e22b2cbd7f9,jmeter_79
13900000080,123456,d3b1294a61a07da9b49b6e22b2cbd7f9,jmeter_80
13900000081,123456,d3b1294a61a07da9b49b6e22b2cbd7f9,jmeter_81
13900000082,123456,d3b1294a61a07da9b49b6e22b2cbd7f9,jmeter_82
13900000083,123456,d3b1294a61a07da9b49b6e22b2cbd7f9,jmeter_83
13900000084,123456,d3b1294a61a07da9b49b6e22b2cbd7f9,jmeter_84
13900000085,123456,d3b1294a61a07da9b49b6e22b2cbd7f9,jmeter_85
13900000086,123456,d3b1294a61a07da9b49b6e22b2cbd7f9,jmeter_86
13900000087,123456,d3b1294a61a07da9b49b6e22b2cbd7f9,jmeter_87
13900000088,123456,d3b1294a61a07da9b49b6e22b2cbd7f9,jmeter_88
13900000089,123456,d3b1294a61a07da9b49b6e22b2cbd7f9,jmeter_89
13900000090,123456,d3b1294a61a07da9b49b6e22b2cbd7f9,jmeter_90
13900000091,123456,d3b1294a61a07da9b49b6e22b2cbd7f9,jmeter_91
13900000092,123456,d3b1294a61a07da9b49b6e22b2cbd7f9,jmeter_92
13900000093,123456,d3b1294a61a07da9b49b6e22b2cbd7f9,jmeter_93
13900000094,123456,d3b1294a61a07da9b49b6e22b2cbd7f9,jmeter_94
13900000095,123456,d3b1294a61a07da9b49b6e22b2cbd7f9,jmeter_95
13900000096,123456,d3b1294a61a07da9b49b6e22b2cbd7f9,jmeter_96
13900000097,123456,d3b1294a61a07da9b49b6e22b2cbd7f9,jmeter_97
13900000098,123456,d3b1294a61a07da9b49b6e22b2cbd7f9,jmeter_98
13900000099,123456,d3b1294a61a07da9b49b6e22b2cbd7f9,jmeter_99
13900000100,123456,d3b1294a61a07da9b49b6e22b2cbd7f9,jmeter_100
13900000101,123456,d3b1294a61a07da9b49b6e22b2cbd7f9,jmeter_101
13900000102,123456,d3b1294a61a07da9b49b6e22b2cbd7f9,jmeter_102
13900000103,123456,d3b1294a61a07da9b49b6e22b2cbd7f9,jmeter_103
13900000104,123456,d3b1294a61a07da9b49b6e22b2cbd7f9,jmeter_104
13900000105,123456,d3b1294a61a07da9b49b6e22b2cbd7f9,jmeter_105
13900000106,123456,d3b1294a61a07da9b49b6e22b2cbd7f9,jmeter_106
13900000107,123456,d3b1294a61a07da9b49b6e22b2cbd7f9,jmeter_107
13900000108,123456,d3b1294a61a07da9b49b6e22b2cbd7f9,jmeter_108
13900000109,123456,d3b1294a61a07da9b49b6e22b2cbd7f9,jmeter_109
13900000110,123456,d3b1294a61a07da9b49b6e22b2cbd7f9,jmeter_110
13900000111,123456,d3b1294a61a07da9b49b6e22b2cbd7f9,jmeter_111
13900000112,123456,d3b1294a61a07da9b49b6e22b2cbd7f9,jmeter_112
13900000113,123456,d3b1294a61a07da9b49b6e22b2cbd7f9,jmeter_113
13900000114,123456,d3b1294a61a07da9b49b6e22b2cbd7f9,jmeter_114
13900000115,123456,d3b1294a61a07da9b49b6e22b2cbd7f9,jmeter_115
13900000116,123456,d3b1294a61a07da9b49b6e22b2cbd7f9,jmeter_116
13900000117,123456,d3b1294a61a07da9b49b6e22b2cbd7f9,jmeter_117
13900000118,123456,d3b1294a61a07da9b49b6e22b2cbd7f9,jmeter_118
13900000119,123456,d3b1294a61a07da9b49b6e22b2cbd7f9,jmeter_119
13900000120,123456,d3b1294a61a07da9b49b6e22b2cbd7f9,jmeter_120
13900000121,123456,d3b1294a61a07da9b49b6e22b2cbd7f9,jmeter_121
13900000122,123456,d3b1294a61a07da9b49b6e22b2cbd7f9,jmeter_122
13900000123,123456,d3b1294a61a07da9b49b6e22b2cbd7f9,jmeter_123
13900000124,123456,d3b1294a61a07da9b49b6e22b2cbd7f9,jmeter_124
13900000125,123456,d3b1294a61a07da9b49b6e22b2cbd7f9,jmeter_125
13900000126,123456,d3b1294a61a07da9b49b6e22b2cbd7f9,jmeter_126
13900000127,123456,d3b1294a61a07da9b49b6e22b2cbd7f9,jmeter_127
13900000128,123456,d3b1294a61a07da9b49b6e22b2cbd7f9,jmeter_128
13900000129,123456,d3b1294a61a07da9b49b6e22b2cbd7f9,jmeter_129
13900000130,123456,d3b1294a61a07da9b49b6e22b2cbd7f9,jmeter_130
13900000131,123456,d3b1294a61a07da9b49b6e22b2cbd7f9,jmeter_131
13900000132,123456,d3b1294a61a07da9b49b6e22b2cbd7f9,jmeter_132
13900000133,123456,d3b1294a61a07da9b49b6e22b2cbd7f9,jmeter_133
13900000134,123456,d3b1294a61a07da9b49b6e22b2cbd7f9,jmeter_134
13900000135,123456,d3b1294a61a07da9b49b6e22b2cbd7f9,jmeter_135
13900000136,123456,d3b1294a61a07da9b49b6e22b2cbd7f9,jmeter_136
13900000137,123456,d3b1294a61a07da9b49b6e22b2cbd7f9,jmeter_137
13900000138,123456,d3b1294a61a07da9b49b6e22b2cbd7f9,jmeter_138
13900000139,123456,d3b1294a61a07da9b49b6e22b2cbd7f9,jmeter_139
13900000140,123456,d3b1294a61a07da9b49b6e22b2cbd7f9,jmeter_140
13900000141,123456,d3b1294a61a07da9b49b6e22b2cbd7f9,jmeter_141
13900000142,123456,d3b1294a61a07da9b49b6e22b2cbd7f9,jmeter_142
13900000143,123456,d3b1294a61a07da9b49b6e22b2cbd7f9,jmeter_143
13900000144,123456,d3b1294a61a07da9b49b6e22b2cbd7f9,jmeter_144
13900000145,123456,d3b1294a61a07da9b49b6e22b2cbd7f9,jmeter_145
13900000146,123456,d3b1294a61a07da9b49b6e22b2cbd7f9,jmeter_146
13900000147,123456,d3b1294a61a07da9b49b6e22b2cbd7f9,jmeter_147
13900000148,123456,d3b1294a61a07da9b49b6e22b2cbd7f9,jmeter_148
13900000149,123456,d3b1294a61a07da9b49b6e22b2cbd7f9,jmeter_149
13900000150,123456,d3b1294a61a07da9b49b6e22b2cbd7f9,jmeter_150
13900000151,123456,d3b1294a61a07da9b49b6e22b2cbd7f9,jmeter_151
13900000152,123456,d3b1294a61a07da9b49b6e22b2cbd7f9,jmeter_152
13900000153,123456,d3b1294a61a07da9b49b6e22b2cbd7f9,jmeter_153
13900000154,123456,d3b1294a61a07da9b49b6e22b2cbd7f9,jmeter_154
13900000155,123456,d3b1294a61a07da9b49b6e22b2cbd7f9,jmeter_155
13900000156,123456,d3b1294a61a07da9b49b6e22b2cbd7f9,jmeter_156
13900000157,123456,d3b1294a61a07da9b49b6e22b2cbd7f9,jmeter_157
13900000158,123456,d3b1294a61a07da9b49b6e22b2cbd7f9,jmeter_158
13900000159,123456,d3b1294a61a07da9b49b6e22b2cbd7f9,jmeter_159
13900000160,123456,d3b1294a61a07da9b49b6e22b2cbd7f9,jmeter_160
13900000161,123456,d3b1294a61a07da9b49b6e22b2cbd7f9,jmeter_161
13900000162,123456,d3b1294a61a07da9b49b6e22b2cbd7f9,jmeter_162
13900000163,123456,d3b1294a61a07da9b49b6e22b2cbd7f9,jmeter_163
13900000164,123456,d3b1294a61a07da9b49b6e22b2cbd7f9,jmeter_164
13900000165,123456,d3b1294a61a07da9b49b6e22b2cbd7f9,jmeter_165
13900000166,123456,d3b1294a61a07da9b49b6e22b2cbd7f9,jmeter_166
13900000167,123456,d3b1294a61a07da9b49b6e22b2cbd7f9,jmeter_167
13900000168,123456,d3b1294a61a07da9b49b6e22b2cbd7f9,jmeter_168
13900000169,123456,d3b1294a61a07da9b49b6e22b2cbd7f9,jmeter_169
13900000170,123456,d3b1294a61a07da9b49b6e22b2cbd7f9,jmeter_170
13900000171,123456,d3b1294a61a07da9b49b6e22b2cbd7f9,jmeter_171
13900000172,123456,d3b1294a61a07da9b49b6e22b2cbd7f9,jmeter_172
13900000173,123456,d3b1294a61a07da9b49b6e22b2cbd7f9,jmeter_173
13900000174,123456,d3b1294a61a07da9b49b6e22b2cbd7f9,jmeter_174
13900000175,123456,d3b1294a61a07da9b49b6e22b2cbd7f9,jmeter_175
13900000176,123456,d3b1294a61a07da9b49b6e22b2cbd7f9,jmeter_176
13900000177,123456,d3b1294a61a07da9b49b6e22b2cbd7f9,jmeter_177
13900000178,123456,d3b1294a61a07da9b49b6e22b2cbd7f9,jmeter_178
13900000179,123456,d3b1294a61a07da9b49b6e22b2cbd7f9,jmeter_179
13900000180,123456,d3b1294a61a07da9b49b6e22b2cbd7f9,jmeter_180
13900000181,123456,d3b1294a61a07da9b49b6e22b2cbd7f9,jmeter_181
13900000182,123456,d3b1294a61a07da9b49b6e22b2cbd7f9,jmeter_182
13900000183,123456,d3b1294a61a07da9b49b6e22b2cbd7f9,jmeter_183
13900000184,123456,d3b1294a61a07da9b49b6e22b2cbd7f9,jmeter_184
13900000185,123456,d3b1294a61a07da9b49b6e22b2cbd7f9,jmeter_185
13900000186,123456,d3b1294a61a07da9b49b6e22b2cbd7f9,jmeter_186
13900000187,123456,d3b1294a61a07da9b49b6e22b2cbd7f9,jmeter_187
13900000188,123456,d3b1294a61a07da9b49b6e22b2cbd7f9,jmeter_188
13900000189,123456,d3b1294a61a07da9b49b6e22b2cbd7f9,jmeter_189
13900000190,123456,d3b1294a61a07da9b49b6e22b2cbd7f9,jmeter_190
13900000191,123456,d3b1294a61a07da9b49b6e22b2cbd7f9,jmeter_191
13900000192,123456,d3b1294a61a07da9b49b6e22b2cbd7f9,jmeter_192
13900000193,123456,d3b1294a61a07da9b49b6e22b2cbd7f9,jmeter_193
13900000194,123456,d3b1294a61a07da9b49b6e22b2cbd7f9,jmeter_194
13900000195,123456,d3b1294a61a07da9b49b6e22b2cbd7f9,jmeter_195
13900000196,123456,d3b1294a61a07da9b49b6e22b2cbd7f9,jmeter_196
13900000197,123456,d3b1294a61a07da9b49b6e22b2cbd7f9,jmeter_197
13900000198,123456,d3b1294a61a07da9b49b6e22b2cbd7f9,jmeter_198
13900000199,123456,d3b1294a61a07da9b49b6e22b2cbd7f9,jmeter_199
13900000200,123456,d3b1294a61a07da9b49b6e22b2cbd7f9,jmeter_200
13900000201,123456,d3b1294a61a07da9b49b6e22b2cbd7f9,jmeter_201
13900000202,123456,d3b1294a61a07da9b49b6e22b2cbd7f9,jmeter_202
13900000203,123456,d3b1294a61a07da9b49b6e22b2cbd7f9,jmeter_203
13900000204,123456,d3b1294a61a07da9b49b6e22b2cbd7f9,jmeter_204
13900000205,123456,d3b1294a61a07da9b49b6e22b2cbd7f9,jmeter_205
13900000206,123456,d3b1294a61a07da9b49b6e22b2cbd7f9,jmeter_206
13900000207,123456,d3b1294a61a07da9b49b6e22b2cbd7f9,jmeter_207
13900000208,123456,d3b1294a61a07da9b49b6e22b2cbd7f9,jmeter_208
13900000209,123456,d3b1294a61a07da9b49b6e22b2cbd7f9,jmeter_209
13900000210,123456,d3b1294a61a07da9b49b6e22b2cbd7f9,jmeter_210
13900000211,123456,d3b1294a61a07da9b49b6e22b2cbd7f9,jmeter_211
13900000212,123456,d3b1294a61a07da9b49b6e22b2cbd7f9,jmeter_212
13900000213,123456,d3b1294a61a07da9b49b6e22b2cbd7f9,jmeter_213
13900000214,123456,d3b1294a61a07da9b49b6e22b2cbd7f9,jmeter_214
13900000215,123456,d3b1294a61a07da9b49b6e22b2cbd7f9,jmeter_215
13900000216,123456,d3b1294a61a07da9b49b6e22b2cbd7f9,jmeter_216
13900000217,123456,d3b1294a61a07da9b49b6e22b2cbd7f9,jmeter_217
13900000218,123456,d3b1294a61a07da9b49b6e22b2cbd7f9,jmeter_218
13900000219,123456,d3b1294a61a07da9b49b6e22b2cbd7f9,jmeter_219
13900000220,123456,d3b1294a61a07da9b49b6e22b2cbd7f9,jmeter_220
13900000221,123456,d3b1294a61a07da9b49b6e22b2cbd7f9,jmeter_221
13900000222,123456,d3b1294a61a07da9b49b6e22b2cbd7f9,jmeter_222
13900000223,123456,d3b1294a61a07da9b49b6e22b2cbd7f9,jmeter_223
13900000224,123456,d3b1294a61a07da9b49b6e22b2cbd7f9,jmeter_224
13900000225,123456,d3b1294a61a07da9b49b6e22b2cbd7f9,jmeter_225
13900000226,123456,d3b1294a61a07da9b49b6e22b2cbd7f9,jmeter_226
13900000227,123456,d3b1294a61a07da9b49b6e22b2cbd7f9,jmeter_227
13900000228,123456,d3b1294a61a07da9b49b6e22b2cbd7f9,jmeter_228
13900000229,123456,d3b1294a61a07da9b49b6e22b2cbd7f9,jmeter_229
13900000230,123456,d3b1294a61a07da9b49b6e22b2cbd7f9,jmeter_230
13900000231,123456,d3b1294a61a07da9b49b6e22b2cbd7f9,jmeter_231
13900000232,123456,d3b1294a61a07da9b49b6e22b2cbd7f9,jmeter_232
13900000233,123456,d3b1294a61a07da9b49b6e22b2cbd7f9,jmeter_233
13900000234,123456,d3b1294a61a07da9b49b6e22b2cbd7f9,jmeter_234
13900000235,123456,d3b1294a61a07da9b49b6e22b2cbd7f9,jmeter_235
13900000236,123456,d3b1294a61a07da9b49b6e22b2cbd7f9,jmeter_236
13900000237,123456,d3b1294a61a07da9b49b6e22b2cbd7f9,jmeter_237
13900000238,123456,d3b1294a61a07da9b49b6e22b2cbd7f9,jmeter_238
13900000239,123456,d3b1294a61a07da9b49b6e22b2cbd7f9,jmeter_239
13900000240,123456,d3b1294a61a07da9b49b6e22b2cbd7f9,jmeter_240
13900000241,123456,d3b1294a61a07da9b49b6e22b2cbd7f9,jmeter_241
13900000242,123456,d3b1294a61a07da9b49b6e22b2cbd7f9,jmeter_242
13900000243,123456,d3b1294a61a07da9b49b6e22b2cbd7f9,jmeter_243
13900000244,123456,d3b1294a61a07da9b49b6e22b2cbd7f9,jmeter_244
13900000245,123456,d3b1294a61a07da9b49b6e22b2cbd7f9,jmeter_245
13900000246,123456,d3b1294a61a07da9b49b6e22b2cbd7f9,jmeter_246
13900000247,123456,d3b1294a61a07da9b49b6e22b2cbd7f9,jmeter_247
13900000248,123456,d3b1294a61a07da9b49b6e22b2cbd7f9,jmeter_248
13900000249,123456,d3b1294a61a07da9b49b6e22b2cbd7f9,jmeter_249
13900000250,123456,d3b1294a61a07da9b49b6e22b2cbd7f9,jmeter_250
13900000251,123456,d3b1294a61a07da9b49b6e22b2cbd7f9,jmeter_251
13900000252,123456,d3b1294a61a07da9b49b6e22b2cbd7f9,jmeter_252
13900000253,123456,d3b1294a61a07da9b49b6e22b2cbd7f9,jmeter_253
13900000254,123456,d3b1294a61a07da9b49b6e22b2cbd7f9,jmeter_254
13900000255,123456,d3b1294a61a07da9b49b6e22b2cbd7f9,jmeter_255
13900000256,123456,d3b1294a61a07da9b49b6e22b2cbd7f9,jmeter_256
13900000257,123456,d3b1294a61a07da9b49b6e22b2cbd7f9,jmeter_257
13900000258,123456,d3b1294a61a07da9b49b6e22b2cbd7f9,jmeter_258
13900000259,123456,d3b1294a61a07da9b49b6e22b2cbd7f9,jmeter_259
13900000260,123456,d3b1294a61a07da9b49b6e22b2cbd7f9,jmeter_260
13900000261,123456,d3b1294a61a07da9b49b6e22b2cbd7f9,jmeter_261
13900000262,123456,d3b1294a61a07da9b49b6e22b2cbd7f9,jmeter_262
13900000263,123456,d3b1294a61a07da9b49b6e22b2cbd7f9,jmeter_263
13900000264,123456,d3b1294a61a07da9b49b6e22b2cbd7f9,jmeter_264
13900000265,123456,d3b1294a61a07da9b49b6e22b2cbd7f9,jmeter_265
13900000266,123456,d3b1294a61a07da9b49b6e22b2cbd7f9,jmeter_266
13900000267,123456,d3b1294a61a07da9b49b6e22b2cbd7f9,jmeter_267
13900000268,123456,d3b1294a61a07da9b49b6e22b2cbd7f9,jmeter_268
13900000269,123456,d3b1294a61a07da9b49b6e22b2cbd7f9,jmeter_269
13900000270,123456,d3b1294a61a07da9b49b6e22b2cbd7f9,jmeter_270
13900000271,123456,d3b1294a61a07da9b49b6e22b2cbd7f9,jmeter_271
13900000272,123456,d3b1294a61a07da9b49b6e22b2cbd7f9,jmeter_272
13900000273,123456,d3b1294a61a07da9b49b6e22b2cbd7f9,jmeter_273
13900000274,123456,d3b1294a61a07da9b49b6e22b2cbd7f9,jmeter_274
13900000275,123456,d3b1294a61a07da9b49b6e22b2cbd7f9,jmeter_275
13900000276,123456,d3b1294a61a07da9b49b6e22b2cbd7f9,jmeter_276
13900000277,123456,d3b1294a61a07da9b49b6e22b2cbd7f9,jmeter_277
13900000278,123456,d3b1294a61a07da9b49b6e22b2cbd7f9,jmeter_278
13900000279,123456,d3b1294a61a07da9b49b6e22b2cbd7f9,jmeter_279
13900000280,123456,d3b1294a61a07da9b49b6e22b2cbd7f9,jmeter_280
13900000281,123456,d3b1294a61a07da9b49b6e22b2cbd7f9,jmeter_281
13900000282,123456,d3b1294a61a07da9b49b6e22b2cbd7f9,jmeter_282
13900000283,123456,d3b1294a61a07da9b49b6e22b2cbd7f9,jmeter_283
13900000284,123456,d3b1294a61a07da9b49b6e22b2cbd7f9,jmeter_284
13900000285,123456,d3b1294a61a07da9b49b6e22b2cbd7f9,jmeter_285
13900000286,123456,d3b1294a61a07da9b49b6e22b2cbd7f9,jmeter_286
13900000287,123456,d3b1294a61a07da9b49b6e22b2cbd7f9,jmeter_287
13900000288,123456,d3b1294a61a07da9b49b6e22b2cbd7f9,jmeter_288
13900000289,123456,d3b1294a61a07da9b49b6e22b2cbd7f9,jmeter_289
13900000290,123456,d3b1294a61a07da9b49b6e22b2cbd7f9,jmeter_290
13900000291,123456,d3b1294a61a07da9b49b6e22b2cbd7f9,jmeter_291
13900000292,123456,d3b1294a61a07da9b49b6e22b2cbd7f9,jmeter_292
13900000293,123456,d3b1294a61a07da9b49b6e22b2cbd7f9,jmeter_293
13900000294,123456,d3b1294a61a07da9b49b6e22b2cbd7f9,jmeter_294
13900000295,123456,d3b1294a61a07da9b49b6e22b2cbd7f9,jmeter_295
13900000296,123456,d3b1294a61a07da9b49b6e22b2cbd7f9,jmeter_296
13900000297,123456,d3b1294a61a07da9b49b6e22b2cbd7f9,jmeter_297
13900000298,123456,d3b1294a61a07da9b49b6e22b2cbd7f9,jmeter_298
13900000299,123456,d3b1294a61a07da9b49b6e22b2cbd7f9,jmeter_299
13900000300,123456,d3b1294a61a07da9b49b6e22b2cbd7f9,jmeter_300
13900000301,123456,d3b1294a61a07da9b49b6e22b2cbd7f9,jmeter_301
13900000302,123456,d3b1294a61a07da9b49b6e22b2cbd7f9,jmeter_302
13900000303,123456,d3b1294a61a07da9b49b6e22b2cbd7f9,jmeter_303
13900000304,123456,d3b1294a61a07da9b49b6e22b2cbd7f9,jmeter_304
13900000305,123456,d3b1294a61a07da9b49b6e22b2cbd7f9,jmeter_305
13900000306,123456,d3b1294a61a07da9b49b6e22b2cbd7f9,jmeter_306
13900000307,123456,d3b1294a61a07da9b49b6e22b2cbd7f9,jmeter_307
13900000308,123456,d3b1294a61a07da9b49b6e22b2cbd7f9,jmeter_308
13900000309,123456,d3b1294a61a07da9b49b6e22b2cbd7f9,jmeter_309
13900000310,123456,d3b1294a61a07da9b49b6e22b2cbd7f9,jmeter_310
13900000311,123456,d3b1294a61a07da9b49b6e22b2cbd7f9,jmeter_311
13900000312,123456,d3b1294a61a07da9b49b6e22b2cbd7f9,jmeter_312
13900000313,123456,d3b1294a61a07da9b49b6e22b2cbd7f9,jmeter_313
13900000314,123456,d3b1294a61a07da9b49b6e22b2cbd7f9,jmeter_314
13900000315,123456,d3b1294a61a07da9b49b6e22b2cbd7f9,jmeter_315
13900000316,123456,d3b1294a61a07da9b49b6e22b2cbd7f9,jmeter_316
13900000317,123456,d3b1294a61a07da9b49b6e22b2cbd7f9,jmeter_317
13900000318,123456,d3b1294a61a07da9b49b6e22b2cbd7f9,jmeter_318
13900000319,123456,d3b1294a61a07da9b49b6e22b2cbd7f9,jmeter_319
13900000320,123456,d3b1294a61a07da9b49b6e22b2cbd7f9,jmeter_320
13900000321,123456,d3b1294a61a07da9b49b6e22b2cbd7f9,jmeter_321
13900000322,123456,d3b1294a61a07da9b49b6e22b2cbd7f9,jmeter_322
13900000323,123456,d3b1294a61a07da9b49b6e22b2cbd7f9,jmeter_323
13900000324,123456,d3b1294a61a07da9b49b6e22b2cbd7f9,jmeter_324
13900000325,123456,d3b1294a61a07da9b49b6e22b2cbd7f9,jmeter_325
13900000326,123456,d3b1294a61a07da9b49b6e22b2cbd7f9,jmeter_326
13900000327,123456,d3b1294a61a07da9b49b6e22b2cbd7f9,jmeter_327
13900000328,123456,d3b1294a61a07da9b49b6e22b2cbd7f9,jmeter_328
13900000329,123456,d3b1294a61a07da9b49b6e22b2cbd7f9,jmeter_329
13900000330,123456,d3b1294a61a07da9b49b6e22b2cbd7f9,jmeter_330
13900000331,123456,d3b1294a61a07da9b49b6e22b2cbd7f9,jmeter_331
13900000332,123456,d3b1294a61a07da9b49b6e22b2cbd7f9,jmeter_332
13900000333,123456,d3b1294a61a07da9b49b6e22b2cbd7f9,jmeter_333
13900000334,123456,d3b1294a61a07da9b49b6e22b2cbd7f9,jmeter_334
13900000335,123456,d3b1294a61a07da9b49b6e22b2cbd7f9,jmeter_335
13900000336,123456,d3b1294a61a07da9b49b6e22b2cbd7f9,jmeter_336
13900000337,123456,d3b1294a61a07da9b49b6e22b2cbd7f9,jmeter_337
13900000338,123456,d3b1294a61a07da9b49b6e22b2cbd7f9,jmeter_338
13900000339,123456,d3b1294a61a07da9b49b6e22b2cbd7f9,jmeter_339
13900000340,123456,d3b1294a61a07da9b49b6e22b2cbd7f9,jmeter_340
13900000341,123456,d3b1294a61a07da9b49b6e22b2cbd7f9,jmeter_341
13900000342,123456,d3b1294a61a07da9b49b6e22b2cbd7f9,jmeter_342
13900000343,123456,d3b1294a61a07da9b49b6e22b2cbd7f9,jmeter_343
13900000344,123456,d3b1294a61a07da9b49b6e22b2cbd7f9,jmeter_344
13900000345,123456,d3b1294a61a07da9b49b6e22b2cbd7f9,jmeter_345
13900000346,123456,d3b1294a61a07da9b49b6e22b2cbd7f9,jmeter_346
13900000347,123456,d3b1294a61a07da9b49b6e22b2cbd7f9,jmeter_347
13900000348,123456,d3b1294a61a07da9b49b6e22b2cbd7f9,jmeter_348
13900000349,123456,d3b1294a61a07da9b49b6e22b2cbd7f9,jmeter_349
13900000350,123456,d3b1294a61a07da9b49b6e22b2cbd7f9,jmeter_350
13900000351,123456,d3b1294a61a07da9b49b6e22b2cbd7f9,jmeter_351
13900000352,123456,d3b1294a61a07da9b49b6e22b2cbd7f9,jmeter_352
13900000353,123456,d3b1294a61a07da9b49b6e22b2cbd7f9,jmeter_353
13900000354,123456,d3b1294a61a07da9b49b6e22b2cbd7f9,jmeter_354
13900000355,123456,d3b1294a61a07da9b49b6e22b2cbd7f9,jmeter_355
13900000356,123456,d3b1294a61a07da9b49b6e22b2cbd7f9,jmeter_356
13900000357,123456,d3b1294a61a07da9b49b6e22b2cbd7f9,jmeter_357
13900000358,123456,d3b1294a61a07da9b49b6e22b2cbd7f9,jmeter_358
13900000359,123456,d3b1294a61a07da9b49b6e22b2cbd7f9,jmeter_359
13900000360,123456,d3b1294a61a07da9b49b6e22b2cbd7f9,jmeter_360
13900000361,123456,d3b1294a61a07da9b49b6e22b2cbd7f9,jmeter_361
13900000362,123456,d3b1294a61a07da9b49b6e22b2cbd7f9,jmeter_362
13900000363,123456,d3b1294a61a07da9b49b6e22b2cbd7f9,jmeter_363
13900000364,123456,d3b1294a61a07da9b49b6e22b2cbd7f9,jmeter_364
13900000365,123456,d3b1294a61a07da9b49b6e22b2cbd7f9,jmeter_365
13900000366,123456,d3b1294a61a07da9b49b6e22b2cbd7f9,jmeter_366
13900000367,123456,d3b1294a61a07da9b49b6e22b2cbd7f9,jmeter_367
13900000368,123456,d3b1294a61a07da9b49b6e22b2cbd7f9,jmeter_368
13900000369,123456,d3b1294a61a07da9b49b6e22b2cbd7f9,jmeter_369
13900000370,123456,d3b1294a61a07da9b49b6e22b2cbd7f9,jmeter_370
13900000371,123456,d3b1294a61a07da9b49b6e22b2cbd7f9,jmeter_371
13900000372,123456,d3b1294a61a07da9b49b6e22b2cbd7f9,jmeter_372
13900000373,123456,d3b1294a61a07da9b49b6e22b2cbd7f9,jmeter_373
13900000374,123456,d3b1294a61a07da9b49b6e22b2cbd7f9,jmeter_374
13900000375,123456,d3b1294a61a07da9b49b6e22b2cbd7f9,jmeter_375
13900000376,123456,d3b1294a61a07da9b49b6e22b2cbd7f9,jmeter_376
13900000377,123456,d3b1294a61a07da9b49b6e22b2cbd7f9,jmeter_377
13900000378,123456,d3b1294a61a07da9b49b6e22b2cbd7f9,jmeter_378
13900000379,123456,d3b1294a61a07da9b49b6e22b2cbd7f9,jmeter_379
13900000380,123456,d3b1294a61a07da9b49b6e22b2cbd7f9,jmeter_380
13900000381,123456,d3b1294a61a07da9b49b6e22b2cbd7f9,jmeter_381
13900000382,123456,d3b1294a61a07da9b49b6e22b2cbd7f9,jmeter_382
13900000383,123456,d3b1294a61a07da9b49b6e22b2cbd7f9,jmeter_383
13900000384,123456,d3b1294a61a07da9b49b6e22b2cbd7f9,jmeter_384
13900000385,123456,d3b1294a61a07da9b49b6e22b2cbd7f9,jmeter_385
13900000386,123456,d3b1294a61a07da9b49b6e22b2cbd7f9,jmeter_386
13900000387,123456,d3b1294a61a07da9b49b6e22b2cbd7f9,jmeter_387
13900000388,123456,d3b1294a61a07da9b49b6e22b2cbd7f9,jmeter_388
13900000389,123456,d3b1294a61a07da9b49b6e22b2cbd7f9,jmeter_389
13900000390,123456,d3b1294a61a07da9b49b6e22b2cbd7f9,jmeter_390
13900000391,123456,d3b1294a61a07da9b49b6e22b2cbd7f9,jmeter_391
13900000392,123456,d3b1294a61a07da9b49b6e22b2cbd7f9,jmeter_392
13900000393,123456,d3b1294a61a07da9b49b6e22b2cbd7f9,jmeter_393
13900000394,123456,d3b1294a61a07da9b49b6e22b2cbd7f9,jmeter_394
13900000395,123456,d3b1294a61a07da9b49b6e22b2cbd7f9,jmeter_395
13900000396,123456,d3b1294a61a07da9b49b6e22b2cbd7f9,jmeter_396
13900000397,123456,d3b1294a61a07da9b49b6e22b2cbd7f9,jmeter_397
13900000398,123456,d3b1294a61a07da9b49b6e22b2cbd7f9,jmeter_398
13900000399,123456,d3b1294a61a07da9b49b6e22b2cbd7f9,jmeter_399
13900000400,123456,d3b1294a61a07da9b49b6e22b2cbd7f9,jmeter_400
13900000401,123456,d3b1294a61a07da9b49b6e22b2cbd7f9,jmeter_401
13900000402,123456,d3b1294a61a07da9b49b6e22b2cbd7f9,jmeter_402
13900000403,123456,d3b1294a61a07da9b49b6e22b2cbd7f9,jmeter_403
13900000404,123456,d3b1294a61a07da9b49b6e22b2cbd7f9,jmeter_404
13900000405,123456,d3b1294a61a07da9b49b6e22b2cbd7f9,jmeter_405
13900000406,123456,d3b1294a61a07da9b49b6e22b2cbd7f9,jmeter_406
13900000407,123456,d3b1294a61a07da9b49b6e22b2cbd7f9,jmeter_407
13900000408,123456,d3b1294a61a07da9b49b6e22b2cbd7f9,jmeter_408
13900000409,123456,d3b1294a61a07da9b49b6e22b2cbd7f9,jmeter_409
13900000410,123456,d3b1294a61a07da9b49b6e22b2cbd7f9,jmeter_410
13900000411,123456,d3b1294a61a07da9b49b6e22b2cbd7f9,jmeter_411
13900000412,123456,d3b1294a61a07da9b49b6e22b2cbd7f9,jmeter_412
13900000413,123456,d3b1294a61a07da9b49b6e22b2cbd7f9,jmeter_413
13900000414,123456,d3b1294a61a07da9b49b6e22b2cbd7f9,jmeter_414
13900000415,123456,d3b1294a61a07da9b49b6e22b2cbd7f9,jmeter_415
13900000416,123456,d3b1294a61a07da9b49b6e22b2cbd7f9,jmeter_416
13900000417,123456,d3b1294a61a07da9b49b6e22b2cbd7f9,jmeter_417
13900000418,123456,d3b1294a61a07da9b49b6e22b2cbd7f9,jmeter_418
13900000419,123456,d3b1294a61a07da9b49b6e22b2cbd7f9,jmeter_419
13900000420,123456,d3b1294a61a07da9b49b6e22b2cbd7f9,jmeter_420
13900000421,123456,d3b1294a61a07da9b49b6e22b2cbd7f9,jmeter_421
13900000422,123456,d3b1294a61a07da9b49b6e22b2cbd7f9,jmeter_422
13900000423,123456,d3b1294a61a07da9b49b6e22b2cbd7f9,jmeter_423
13900000424,123456,d3b1294a61a07da9b49b6e22b2cbd7f9,jmeter_424
13900000425,123456,d3b1294a61a07da9b49b6e22b2cbd7f9,jmeter_425
13900000426,123456,d3b1294a61a07da9b49b6e22b2cbd7f9,jmeter_426
13900000427,123456,d3b1294a61a07da9b49b6e22b2cbd7f9,jmeter_427
13900000428,123456,d3b1294a61a07da9b49b6e22b2cbd7f9,jmeter_428
13900000429,123456,d3b1294a61a07da9b49b6e22b2cbd7f9,jmeter_429
13900000430,123456,d3b1294a61a07da9b49b6e22b2cbd7f9,jmeter_430
13900000431,123456,d3b1294a61a07da9b49b6e22b2cbd7f9,jmeter_431
13900000432,123456,d3b1294a61a07da9b49b6e22b2cbd7f9,jmeter_432
13900000433,123456,d3b1294a61a07da9b49b6e22b2cbd7f9,jmeter_433
13900000434,123456,d3b1294a61a07da9b49b6e22b2cbd7f9,jmeter_434
13900000435,123456,d3b1294a61a07da9b49b6e22b2cbd7f9,jmeter_435
13900000436,123456,d3b1294a61a07da9b49b6e22b2cbd7f9,jmeter_436
13900000437,123456,d3b1294a61a07da9b49b6e22b2cbd7f9,jmeter_437
13900000438,123456,d3b1294a61a07da9b49b6e22b2cbd7f9,jmeter_438
13900000439,123456,d3b1294a61a07da9b49b6e22b2cbd7f9,jmeter_439
13900000440,123456,d3b1294a61a07da9b49b6e22b2cbd7f9,jmeter_440
13900000441,123456,d3b1294a61a07da9b49b6e22b2cbd7f9,jmeter_441
13900000442,123456,d3b1294a61a07da9b49b6e22b2cbd7f9,jmeter_442
13900000443,123456,d3b1294a61a07da9b49b6e22b2cbd7f9,jmeter_443
13900000444,123456,d3b1294a61a07da9b49b6e22b2cbd7f9,jmeter_444
13900000445,123456,d3b1294a61a07da9b49b6e22b2cbd7f9,jmeter_445
13900000446,123456,d3b1294a61a07da9b49b6e22b2cbd7f9,jmeter_446
13900000447,123456,d3b1294a61a07da9b49b6e22b2cbd7f9,jmeter_447
13900000448,123456,d3b1294a61a07da9b49b6e22b2cbd7f9,jmeter_448
13900000449,123456,d3b1294a61a07da9b49b6e22b2cbd7f9,jmeter_449
13900000450,123456,d3b1294a61a07da9b49b6e22b2cbd7f9,jmeter_450
13900000451,123456,d3b1294a61a07da9b49b6e22b2cbd7f9,jmeter_451
13900000452,123456,d3b1294a61a07da9b49b6e22b2cbd7f9,jmeter_452
13900000453,123456,d3b1294a61a07da9b49b6e22b2cbd7f9,jmeter_453
13900000454,123456,d3b1294a61a07da9b49b6e22b2cbd7f9,jmeter_454
13900000455,123456,d3b1294a61a07da9b49b6e22b2cbd7f9,jmeter_455
13900000456,123456,d3b1294a61a07da9b49b6e22b2cbd7f9,jmeter_456
13900000457,123456,d3b1294a61a07da9b49b6e22b2cbd7f9,jmeter_457
13900000458,123456,d3b1294a61a07da9b49b6e22b2cbd7f9,jmeter_458
13900000459,123456,d3b1294a61a07da9b49b6e22b2cbd7f9,jmeter_459
13900000460,123456,d3b1294a61a07da9b49b6e22b2cbd7f9,jmeter_460
13900000461,123456,d3b1294a61a07da9b49b6e22b2cbd7f9,jmeter_461
13900000462,123456,d3b1294a61a07da9b49b6e22b2cbd7f9,jmeter_462
13900000463,123456,d3b1294a61a07da9b49b6e22b2cbd7f9,jmeter_463
13900000464,123456,d3b1294a61a07da9b49b6e22b2cbd7f9,jmeter_464
13900000465,123456,d3b1294a61a07da9b49b6e22b2cbd7f9,jmeter_465
13900000466,123456,d3b1294a61a07da9b49b6e22b2cbd7f9,jmeter_466
13900000467,123456,d3b1294a61a07da9b49b6e22b2cbd7f9,jmeter_467
13900000468,123456,d3b1294a61a07da9b49b6e22b2cbd7f9,jmeter_468
13900000469,123456,d3b1294a61a07da9b49b6e22b2cbd7f9,jmeter_469
13900000470,123456,d3b1294a61a07da9b49b6e22b2cbd7f9,jmeter_470
13900000471,123456,d3b1294a61a07da9b49b6e22b2cbd7f9,jmeter_471
13900000472,123456,d3b1294a61a07da9b49b6e22b2cbd7f9,jmeter_472
13900000473,123456,d3b1294a61a07da9b49b6e22b2cbd7f9,jmeter_473
13900000474,123456,d3b1294a61a07da9b49b6e22b2cbd7f9,jmeter_474
13900000475,123456,d3b1294a61a07da9b49b6e22b2cbd7f9,jmeter_475
13900000476,123456,d3b1294a61a07da9b49b6e22b2cbd7f9,jmeter_476
13900000477,123456,d3b1294a61a07da9b49b6e22b2cbd7f9,jmeter_477
13900000478,123456,d3b1294a61a07da9b49b6e22b2cbd7f9,jmeter_478
13900000479,123456,d3b1294a61a07da9b49b6e22b2cbd7f9,jmeter_479
13900000480,123456,d3b1294a61a07da9b49b6e22b2cbd7f9,jmeter_480
13900000481,123456,d3b1294a61a07da9b49b6e22b2cbd7f9,jmeter_481
13900000482,123456,d3b1294a61a07da9b49b6e22b2cbd7f9,jmeter_482
13900000483,123456,d3b1294a61a07da9b49b6e22b2cbd7f9,jmeter_483
13900000484,123456,d3b1294a61a07da9b49b6e22b2cbd7f9,jmeter_484
13900000485,123456,d3b1294a61a07da9b49b6e22b2cbd7f9,jmeter_485
13900000486,123456,d3b1294a61a07da9b49b6e22b2cbd7f9,jmeter_486
13900000487,123456,d3b1294a61a07da9b49b6e22b2cbd7f9,jmeter_487
13900000488,123456,d3b1294a61a07da9b49b6e22b2cbd7f9,jmeter_488
13900000489,123456,d3b1294a61a07da9b49b6e22b2cbd7f9,jmeter_489
13900000490,123456,d3b1294a61a07da9b49b6e22b2cbd7f9,jmeter_490
13900000491,123456,d3b1294a61a07da9b49b6e22b2cbd7f9,jmeter_491
13900000492,123456,d3b1294a61a07da9b49b6e22b2cbd7f9,jmeter_492
13900000493,123456,d3b1294a61a07da9b49b6e22b2cbd7f9,jmeter_493
13900000494,123456,d3b1294a61a07da9b49b6e22b2cbd7f9,jmeter_494
13900000495,123456,d3b1294a61a07da9b49b6e22b2cbd7f9,jmeter_495
13900000496,123456,d3b1294a61a07da9b49b6e22b2cbd7f9,jmeter_496
13900000497,123456,d3b1294a61a07da9b49b6e22b2cbd7f9,jmeter_497
13900000498,123456,d3b1294a61a07da9b49b6e22b2cbd7f9,jmeter_498
13900000499,123456,d3b1294a61a07da9b49b6e22b2cbd7f9,jmeter_499
13900000500,123456,d3b1294a61a07da9b49b6e22b2cbd7f9,jmeter_500
13900000501,123456,d3b1294a61a07da9b49b6e22b2cbd7f9,jmeter_501
13900000502,123456,d3b1294a61a07da9b49b6e22b2cbd7f9,jmeter_502
13900000503,123456,d3b1294a61a07da9b49b6e22b2cbd7f9,jmeter_503
13900000504,123456,d3b1294a61a07da9b49b6e22b2cbd7f9,jmeter_504
13900000505,123456,d3b1294a61a07da9b49b6e22b2cbd7f9,jmeter_505
13900000506,123456,d3b1294a61a07da9b49b6e22b2cbd7f9,jmeter_506
13900000507,123456,d3b1294a61a07da9b49b6e22b2cbd7f9,jmeter_507
13900000508,123456,d3b1294a61a07da9b49b6e22b2cbd7f9,jmeter_508
13900000509,123456,d3b1294a61a07da9b49b6e22b2cbd7f9,jmeter_509
13900000510,123456,d3b1294a61a07da9b49b6e22b2cbd7f9,jmeter_510
13900000511,123456,d3b1294a61a07da9b49b6e22b2cbd7f9,jmeter_511
13900000512,123456,d3b1294a61a07da9b49b6e22b2cbd7f9,jmeter_512
13900000513,123456,d3b1294a61a07da9b49b6e22b2cbd7f9,jmeter_513
13900000514,123456,d3b1294a61a07da9b49b6e22b2cbd7f9,jmeter_514
13900000515,123456,d3b1294a61a07da9b49b6e22b2cbd7f9,jmeter_515
13900000516,123456,d3b1294a61a07da9b49b6e22b2cbd7f9,jmeter_516
13900000517,123456,d3b1294a61a07da9b49b6e22b2cbd7f9,jmeter_517
13900000518,123456,d3b1294a61a07da9b49b6e22b2cbd7f9,jmeter_518
13900000519,123456,d3b1294a61a07da9b49b6e22b2cbd7f9,jmeter_519
13900000520,123456,d3b1294a61a07da9b49b6e22b2cbd7f9,jmeter_520
13900000521,123456,d3b1294a61a07da9b49b6e22b2cbd7f9,jmeter_521
13900000522,123456,d3b1294a61a07da9b49b6e22b2cbd7f9,jmeter_522
13900000523,123456,d3b1294a61a07da9b49b6e22b2cbd7f9,jmeter_523
13900000524,123456,d3b1294a61a07da9b49b6e22b2cbd7f9,jmeter_524
13900000525,123456,d3b1294a61a07da9b49b6e22b2cbd7f9,jmeter_525
13900000526,123456,d3b1294a61a07da9b49b6e22b2cbd7f9,jmeter_526
13900000527,123456,d3b1294a61a07da9b49b6e22b2cbd7f9,jmeter_527
13900000528,123456,d3b1294a61a07da9b49b6e22b2cbd7f9,jmeter_528
13900000529,123456,d3b1294a61a07da9b49b6e22b2cbd7f9,jmeter_529
13900000530,123456,d3b1294a61a07da9b49b6e22b2cbd7f9,jmeter_530
13900000531,123456,d3b1294a61a07da9b49b6e22b2cbd7f9,jmeter_531
13900000532,123456,d3b1294a61a07da9b49b6e22b2cbd7f9,jmeter_532
13900000533,123456,d3b1294a61a07da9b49b6e22b2cbd7f9,jmeter_533
13900000534,123456,d3b1294a61a07da9b49b6e22b2cbd7f9,jmeter_534
13900000535,123456,d3b1294a61a07da9b49b6e22b2cbd7f9,jmeter_535
13900000536,123456,d3b1294a61a07da9b49b6e22b2cbd7f9,jmeter_536
13900000537,123456,d3b1294a61a07da9b49b6e22b2cbd7f9,jmeter_537
13900000538,123456,d3b1294a61a07da9b49b6e22b2cbd7f9,jmeter_538
13900000539,123456,d3b1294a61a07da9b49b6e22b2cbd7f9,jmeter_539
13900000540,123456,d3b1294a61a07da9b49b6e22b2cbd7f9,jmeter_540
13900000541,123456,d3b1294a61a07da9b49b6e22b2cbd7f9,jmeter_541
13900000542,123456,d3b1294a61a07da9b49b6e22b2cbd7f9,jmeter_542
13900000543,123456,d3b1294a61a07da9b49b6e22b2cbd7f9,jmeter_543
13900000544,123456,d3b1294a61a07da9b49b6e22b2cbd7f9,jmeter_544
13900000545,123456,d3b1294a61a07da9b49b6e22b2cbd7f9,jmeter_545
13900000546,123456,d3b1294a61a07da9b49b6e22b2cbd7f9,jmeter_546
13900000547,123456,d3b1294a61a07da9b49b6e22b2cbd7f9,jmeter_547
13900000548,123456,d3b1294a61a07da9b49b6e22b2cbd7f9,jmeter_548
13900000549,123456,d3b1294a61a07da9b49b6e22b2cbd7f9,jmeter_549
13900000550,123456,d3b1294a61a07da9b49b6e22b2cbd7f9,jmeter_550
13900000551,123456,d3b1294a61a07da9b49b6e22b2cbd7f9,jmeter_551
13900000552,123456,d3b1294a61a07da9b49b6e22b2cbd7f9,jmeter_552
13900000553,123456,d3b1294a61a07da9b49b6e22b2cbd7f9,jmeter_553
13900000554,123456,d3b1294a61a07da9b49b6e22b2cbd7f9,jmeter_554
13900000555,123456,d3b1294a61a07da9b49b6e22b2cbd7f9,jmeter_555
13900000556,123456,d3b1294a61a07da9b49b6e22b2cbd7f9,jmeter_556
13900000557,123456,d3b1294a61a07da9b49b6e22b2cbd7f9,jmeter_557
13900000558,123456,d3b1294a61a07da9b49b6e22b2cbd7f9,jmeter_558
13900000559,123456,d3b1294a61a07da9b49b6e22b2cbd7f9,jmeter_559
13900000560,123456,d3b1294a61a07da9b49b6e22b2cbd7f9,jmeter_560
13900000561,123456,d3b1294a61a07da9b49b6e22b2cbd7f9,jmeter_561
13900000562,123456,d3b1294a61a07da9b49b6e22b2cbd7f9,jmeter_562
13900000563,123456,d3b1294a61a07da9b49b6e22b2cbd7f9,jmeter_563
13900000564,123456,d3b1294a61a07da9b49b6e22b2cbd7f9,jmeter_564
13900000565,123456,d3b1294a61a07da9b49b6e22b2cbd7f9,jmeter_565
13900000566,123456,d3b1294a61a07da9b49b6e22b2cbd7f9,jmeter_566
13900000567,123456,d3b1294a61a07da9b49b6e22b2cbd7f9,jmeter_567
13900000568,123456,d3b1294a61a07da9b49b6e22b2cbd7f9,jmeter_568
13900000569,123456,d3b1294a61a07da9b49b6e22b2cbd7f9,jmeter_569
13900000570,123456,d3b1294a61a07da9b49b6e22b2cbd7f9,jmeter_570
13900000571,123456,d3b1294a61a07da9b49b6e22b2cbd7f9,jmeter_571
13900000572,123456,d3b1294a61a07da9b49b6e22b2cbd7f9,jmeter_572
13900000573,123456,d3b1294a61a07da9b49b6e22b2cbd7f9,jmeter_573
13900000574,123456,d3b1294a61a07da9b49b6e22b2cbd7f9,jmeter_574
13900000575,123456,d3b1294a61a07da9b49b6e22b2cbd7f9,jmeter_575
13900000576,123456,d3b1294a61a07da9b49b6e22b2cbd7f9,jmeter_576
13900000577,123456,d3b1294a61a07da9b49b6e22b2cbd7f9,jmeter_577
13900000578,123456,d3b1294a61a07da9b49b6e22b2cbd7f9,jmeter_578
13900000579,123456,d3b1294a61a07da9b49b6e22b2cbd7f9,jmeter_579
13900000580,123456,d3b1294a61a07da9b49b6e22b2cbd7f9,jmeter_580
13900000581,123456,d3b1294a61a07da9b49b6e22b2cbd7f9,jmeter_581
13900000582,123456,d3b1294a61a07da9b49b6e22b2cbd7f9,jmeter_582
13900000583,123456,d3b1294a61a07da9b49b6e22b2cbd7f9,jmeter_583
13900000584,123456,d3b1294a61a07da9b49b6e22b2cbd7f9,jmeter_584
13900000585,123456,d3b1294a61a07da9b49b6e22b2cbd7f9,jmeter_585
13900000586,123456,d3b1294a61a07da9b49b6e22b2cbd7f9,jmeter_586
13900000587,123456,d3b1294a61a07da9b49b6e22b2cbd7f9,jmeter_587
13900000588,123456,d3b1294a61a07da9b49b6e22b2cbd7f9,jmeter_588
13900000589,123456,d3b1294a61a07da9b49b6e22b2cbd7f9,jmeter_589
13900000590,123456,d3b1294a61a07da9b49b6e22b2cbd7f9,jmeter_590
13900000591,123456,d3b1294a61a07da9b49b6e22b2cbd7f9,jmeter_591
13900000592,123456,d3b1294a61a07da9b49b6e22b2cbd7f9,jmeter_592
13900000593,123456,d3b1294a61a07da9b49b6e22b2cbd7f9,jmeter_593
13900000594,123456,d3b1294a61a07da9b49b6e22b2cbd7f9,jmeter_594
13900000595,123456,d3b1294a61a07da9b49b6e22b2cbd7f9,jmeter_595
13900000596,123456,d3b1294a61a07da9b49b6e22b2cbd7f9,jmeter_596
13900000597,123456,d3b1294a61a07da9b49b6e22b2cbd7f9,jmeter_597
13900000598,123456,d3b1294a61a07da9b49b6e22b2cbd7f9,jmeter_598
13900000599,123456,d3b1294a61a07da9b49b6e22b2cbd7f9,jmeter_599
13900000600,123456,d3b1294a61a07da9b49b6e22b2cbd7f9,jmeter_600
13900000601,123456,d3b1294a61a07da9b49b6e22b2cbd7f9,jmeter_601
13900000602,123456,d3b1294a61a07da9b49b6e22b2cbd7f9,jmeter_602
13900000603,123456,d3b1294a61a07da9b49b6e22b2cbd7f9,jmeter_603
13900000604,123456,d3b1294a61a07da9b49b6e22b2cbd7f9,jmeter_604
13900000605,123456,d3b1294a61a07da9b49b6e22b2cbd7f9,jmeter_605
13900000606,123456,d3b1294a61a07da9b49b6e22b2cbd7f9,jmeter_606
13900000607,123456,d3b1294a61a07da9b49b6e22b2cbd7f9,jmeter_607
13900000608,123456,d3b1294a61a07da9b49b6e22b2cbd7f9,jmeter_608
13900000609,123456,d3b1294a61a07da9b49b6e22b2cbd7f9,jmeter_609
13900000610,123456,d3b1294a61a07da9b49b6e22b2cbd7f9,jmeter_610
13900000611,123456,d3b1294a61a07da9b49b6e22b2cbd7f9,jmeter_611
13900000612,123456,d3b1294a61a07da9b49b6e22b2cbd7f9,jmeter_612
13900000613,123456,d3b1294a61a07da9b49b6e22b2cbd7f9,jmeter_613
13900000614,123456,d3b1294a61a07da9b49b6e22b2cbd7f9,jmeter_614
13900000615,123456,d3b1294a61a07da9b49b6e22b2cbd7f9,jmeter_615
13900000616,123456,d3b1294a61a07da9b49b6e22b2cbd7f9,jmeter_616
13900000617,123456,d3b1294a61a07da9b49b6e22b2cbd7f9,jmeter_617
13900000618,123456,d3b1294a61a07da9b49b6e22b2cbd7f9,jmeter_618
13900000619,123456,d3b1294a61a07da9b49b6e22b2cbd7f9,jmeter_619
13900000620,123456,d3b1294a61a07da9b49b6e22b2cbd7f9,jmeter_620
13900000621,123456,d3b1294a61a07da9b49b6e22b2cbd7f9,jmeter_621
13900000622,123456,d3b1294a61a07da9b49b6e22b2cbd7f9,jmeter_622
13900000623,123456,d3b1294a61a07da9b49b6e22b2cbd7f9,jmeter_623
13900000624,123456,d3b1294a61a07da9b49b6e22b2cbd7f9,jmeter_624
13900000625,123456,d3b1294a61a07da9b49b6e22b2cbd7f9,jmeter_625
13900000626,123456,d3b1294a61a07da9b49b6e22b2cbd7f9,jmeter_626
13900000627,123456,d3b1294a61a07da9b49b6e22b2cbd7f9,jmeter_627
13900000628,123456,d3b1294a61a07da9b49b6e22b2cbd7f9,jmeter_628
13900000629,123456,d3b1294a61a07da9b49b6e22b2cbd7f9,jmeter_629
13900000630,123456,d3b1294a61a07da9b49b6e22b2cbd7f9,jmeter_630
13900000631,123456,d3b1294a61a07da9b49b6e22b2cbd7f9,jmeter_631
13900000632,123456,d3b1294a61a07da9b49b6e22b2cbd7f9,jmeter_632
13900000633,123456,d3b1294a61a07da9b49b6e22b2cbd7f9,jmeter_633
13900000634,123456,d3b1294a61a07da9b49b6e22b2cbd7f9,jmeter_634
13900000635,123456,d3b1294a61a07da9b49b6e22b2cbd7f9,jmeter_635
13900000636,123456,d3b1294a61a07da9b49b6e22b2cbd7f9,jmeter_636
13900000637,123456,d3b1294a61a07da9b49b6e22b2cbd7f9,jmeter_637
13900000638,123456,d3b1294a61a07da9b49b6e22b2cbd7f9,jmeter_638
13900000639,123456,d3b1294a61a07da9b49b6e22b2cbd7f9,jmeter_639
13900000640,123456,d3b1294a61a07da9b49b6e22b2cbd7f9,jmeter_640
13900000641,123456,d3b1294a61a07da9b49b6e22b2cbd7f9,jmeter_641
13900000642,123456,d3b1294a61a07da9b49b6e22b2cbd7f9,jmeter_642
13900000643,123456,d3b1294a61a07da9b49b6e22b2cbd7f9,jmeter_643
13900000644,123456,d3b1294a61a07da9b49b6e22b2cbd7f9,jmeter_644
13900000645,123456,d3b1294a61a07da9b49b6e22b2cbd7f9,jmeter_645
13900000646,123456,d3b1294a61a07da9b49b6e22b2cbd7f9,jmeter_646
13900000647,123456,d3b1294a61a07da9b49b6e22b2cbd7f9,jmeter_647
13900000648,123456,d3b1294a61a07da9b49b6e22b2cbd7f9,jmeter_648
13900000649,123456,d3b1294a61a07da9b49b6e22b2cbd7f9,jmeter_649
13900000650,123456,d3b1294a61a07da9b49b6e22b2cbd7f9,jmeter_650
13900000651,123456,d3b1294a61a07da9b49b6e22b2cbd7f9,jmeter_651
13900000652,123456,d3b1294a61a07da9b49b6e22b2cbd7f9,jmeter_652
13900000653,123456,d3b1294a61a07da9b49b6e22b2cbd7f9,jmeter_653
13900000654,123456,d3b1294a61a07da9b49b6e22b2cbd7f9,jmeter_654
13900000655,123456,d3b1294a61a07da9b49b6e22b2cbd7f9,jmeter_655
13900000656,123456,d3b1294a61a07da9b49b6e22b2cbd7f9,jmeter_656
13900000657,123456,d3b1294a61a07da9b49b6e22b2cbd7f9,jmeter_657
13900000658,123456,d3b1294a61a07da9b49b6e22b2cbd7f9,jmeter_658
13900000659,123456,d3b1294a61a07da9b49b6e22b2cbd7f9,jmeter_659
13900000660,123456,d3b1294a61a07da9b49b6e22b2cbd7f9,jmeter_660
13900000661,123456,d3b1294a61a07da9b49b6e22b2cbd7f9,jmeter_661
13900000662,123456,d3b1294a61a07da9b49b6e22b2cbd7f9,jmeter_662
13900000663,123456,d3b1294a61a07da9b49b6e22b2cbd7f9,jmeter_663
13900000664,123456,d3b1294a61a07da9b49b6e22b2cbd7f9,jmeter_664
13900000665,123456,d3b1294a61a07da9b49b6e22b2cbd7f9,jmeter_665
13900000666,123456,d3b1294a61a07da9b49b6e22b2cbd7f9,jmeter_666
13900000667,123456,d3b1294a61a07da9b49b6e22b2cbd7f9,jmeter_667
13900000668,123456,d3b1294a61a07da9b49b6e22b2cbd7f9,jmeter_668
13900000669,123456,d3b1294a61a07da9b49b6e22b2cbd7f9,jmeter_669
13900000670,123456,d3b1294a61a07da9b49b6e22b2cbd7f9,jmeter_670
13900000671,123456,d3b1294a61a07da9b49b6e22b2cbd7f9,jmeter_671
13900000672,123456,d3b1294a61a07da9b49b6e22b2cbd7f9,jmeter_672
13900000673,123456,d3b1294a61a07da9b49b6e22b2cbd7f9,jmeter_673
13900000674,123456,d3b1294a61a07da9b49b6e22b2cbd7f9,jmeter_674
13900000675,123456,d3b1294a61a07da9b49b6e22b2cbd7f9,jmeter_675
13900000676,123456,d3b1294a61a07da9b49b6e22b2cbd7f9,jmeter_676
13900000677,123456,d3b1294a61a07da9b49b6e22b2cbd7f9,jmeter_677
13900000678,123456,d3b1294a61a07da9b49b6e22b2cbd7f9,jmeter_678
13900000679,123456,d3b1294a61a07da9b49b6e22b2cbd7f9,jmeter_679
13900000680,123456,d3b1294a61a07da9b49b6e22b2cbd7f9,jmeter_680
13900000681,123456,d3b1294a61a07da9b49b6e22b2cbd7f9,jmeter_681
13900000682,123456,d3b1294a61a07da9b49b6e22b2cbd7f9,jmeter_682
13900000683,123456,d3b1294a61a07da9b49b6e22b2cbd7f9,jmeter_683
13900000684,123456,d3b1294a61a07da9b49b6e22b2cbd7f9,jmeter_684
13900000685,123456,d3b1294a61a07da9b49b6e22b2cbd7f9,jmeter_685
13900000686,123456,d3b1294a61a07da9b49b6e22b2cbd7f9,jmeter_686
13900000687,123456,d3b1294a61a07da9b49b6e22b2cbd7f9,jmeter_687
13900000688,123456,d3b1294a61a07da9b49b6e22b2cbd7f9,jmeter_688
13900000689,123456,d3b1294a61a07da9b49b6e22b2cbd7f9,jmeter_689
13900000690,123456,d3b1294a61a07da9b49b6e22b2cbd7f9,jmeter_690
13900000691,123456,d3b1294a61a07da9b49b6e22b2cbd7f9,jmeter_691
13900000692,123456,d3b1294a61a07da9b49b6e22b2cbd7f9,jmeter_692
13900000693,123456,d3b1294a61a07da9b49b6e22b2cbd7f9,jmeter_693
13900000694,123456,d3b1294a61a07da9b49b6e22b2cbd7f9,jmeter_694
13900000695,123456,d3b1294a61a07da9b49b6e22b2cbd7f9,jmeter_695
13900000696,123456,d3b1294a61a07da9b49b6e22b2cbd7f9,jmeter_696
13900000697,123456,d3b1294a61a07da9b49b6e22b2cbd7f9,jmeter_697
13900000698,123456,d3b1294a61a07da9b49b6e22b2cbd7f9,jmeter_698
13900000699,123456,d3b1294a61a07da9b49b6e22b2cbd7f9,jmeter_699
13900000700,123456,d3b1294a61a07da9b49b6e22b2cbd7f9,jmeter_700
13900000701,123456,d3b1294a61a07da9b49b6e22b2cbd7f9,jmeter_701
13900000702,123456,d3b1294a61a07da9b49b6e22b2cbd7f9,jmeter_702
13900000703,123456,d3b1294a61a07da9b49b6e22b2cbd7f9,jmeter_703
13900000704,123456,d3b1294a61a07da9b49b6e22b2cbd7f9,jmeter_704
13900000705,123456,d3b1294a61a07da9b49b6e22b2cbd7f9,jmeter_705
13900000706,123456,d3b1294a61a07da9b49b6e22b2cbd7f9,jmeter_706
13900000707,123456,d3b1294a61a07da9b49b6e22b2cbd7f9,jmeter_707
13900000708,123456,d3b1294a61a07da9b49b6e22b2cbd7f9,jmeter_708
13900000709,123456,d3b1294a61a07da9b49b6e22b2cbd7f9,jmeter_709
13900000710,123456,d3b1294a61a07da9b49b6e22b2cbd7f9,jmeter_710
13900000711,123456,d3b1294a61a07da9b49b6e22b2cbd7f9,jmeter_711
13900000712,123456,d3b1294a61a07da9b49b6e22b2cbd7f9,jmeter_712
13900000713,123456,d3b1294a61a07da9b49b6e22b2cbd7f9,jmeter_713
13900000714,123456,d3b1294a61a07da9b49b6e22b2cbd7f9,jmeter_714
13900000715,123456,d3b1294a61a07da9b49b6e22b2cbd7f9,jmeter_715
13900000716,123456,d3b1294a61a07da9b49b6e22b2cbd7f9,jmeter_716
13900000717,123456,d3b1294a61a07da9b49b6e22b2cbd7f9,jmeter_717
13900000718,123456,d3b1294a61a07da9b49b6e22b2cbd7f9,jmeter_718
13900000719,123456,d3b1294a61a07da9b49b6e22b2cbd7f9,jmeter_719
13900000720,123456,d3b1294a61a07da9b49b6e22b2cbd7f9,jmeter_720
13900000721,123456,d3b1294a61a07da9b49b6e22b2cbd7f9,jmeter_721
13900000722,123456,d3b1294a61a07da9b49b6e22b2cbd7f9,jmeter_722
13900000723,123456,d3b1294a61a07da9b49b6e22b2cbd7f9,jmeter_723
13900000724,123456,d3b1294a61a07da9b49b6e22b2cbd7f9,jmeter_724
13900000725,123456,d3b1294a61a07da9b49b6e22b2cbd7f9,jmeter_725
13900000726,123456,d3b1294a61a07da9b49b6e22b2cbd7f9,jmeter_726
13900000727,123456,d3b1294a61a07da9b49b6e22b2cbd7f9,jmeter_727
13900000728,123456,d3b1294a61a07da9b49b6e22b2cbd7f9,jmeter_728
13900000729,123456,d3b1294a61a07da9b49b6e22b2cbd7f9,jmeter_729
13900000730,123456,d3b1294a61a07da9b49b6e22b2cbd7f9,jmeter_730
13900000731,123456,d3b1294a61a07da9b49b6e22b2cbd7f9,jmeter_731
13900000732,123456,d3b1294a61a07da9b49b6e22b2cbd7f9,jmeter_732
13900000733,123456,d3b1294a61a07da9b49b6e22b2cbd7f9,jmeter_733
13900000734,123456,d3b1294a61a07da9b49b6e22b2cbd7f9,jmeter_734
13900000735,123456,d3b1294a61a07da9b49b6e22b2cbd7f9,jmeter_735
13900000736,123456,d3b1294a61a07da9b49b6e22b2cbd7f9,jmeter_736
13900000737,123456,d3b1294a61a07da9b49b6e22b2cbd7f9,jmeter_737
13900000738,123456,d3b1294a61a07da9b49b6e22b2cbd7f9,jmeter_738
13900000739,123456,d3b1294a61a07da9b49b6e22b2cbd7f9,jmeter_739
13900000740,123456,d3b1294a61a07da9b49b6e22b2cbd7f9,jmeter_740
13900000741,123456,d3b1294a61a07da9b49b6e22b2cbd7f9,jmeter_741
13900000742,123456,d3b1294a61a07da9b49b6e22b2cbd7f9,jmeter_742
13900000743,123456,d3b1294a61a07da9b49b6e22b2cbd7f9,jmeter_743
13900000744,123456,d3b1294a61a07da9b49b6e22b2cbd7f9,jmeter_744
13900000745,123456,d3b1294a61a07da9b49b6e22b2cbd7f9,jmeter_745
13900000746,123456,d3b1294a61a07da9b49b6e22b2cbd7f9,jmeter_746
13900000747,123456,d3b1294a61a07da9b49b6e22b2cbd7f9,jmeter_747
13900000748,123456,d3b1294a61a07da9b49b6e22b2cbd7f9,jmeter_748
13900000749,123456,d3b1294a61a07da9b49b6e22b2cbd7f9,jmeter_749
13900000750,123456,d3b1294a61a07da9b49b6e22b2cbd7f9,jmeter_750
13900000751,123456,d3b1294a61a07da9b49b6e22b2cbd7f9,jmeter_751
13900000752,123456,d3b1294a61a07da9b49b6e22b2cbd7f9,jmeter_752
13900000753,123456,d3b1294a61a07da9b49b6e22b2cbd7f9,jmeter_753
13900000754,123456,d3b1294a61a07da9b49b6e22b2cbd7f9,jmeter_754
13900000755,123456,d3b1294a61a07da9b49b6e22b2cbd7f9,jmeter_755
13900000756,123456,d3b1294a61a07da9b49b6e22b2cbd7f9,jmeter_756
13900000757,123456,d3b1294a61a07da9b49b6e22b2cbd7f9,jmeter_757
13900000758,123456,d3b1294a61a07da9b49b6e22b2cbd7f9,jmeter_758
13900000759,123456,d3b1294a61a07da9b49b6e22b2cbd7f9,jmeter_759
13900000760,123456,d3b1294a61a07da9b49b6e22b2cbd7f9,jmeter_760
13900000761,123456,d3b1294a61a07da9b49b6e22b2cbd7f9,jmeter_761
13900000762,123456,d3b1294a61a07da9b49b6e22b2cbd7f9,jmeter_762
13900000763,123456,d3b1294a61a07da9b49b6e22b2cbd7f9,jmeter_763
13900000764,123456,d3b1294a61a07da9b49b6e22b2cbd7f9,jmeter_764
13900000765,123456,d3b1294a61a07da9b49b6e22b2cbd7f9,jmeter_765
13900000766,123456,d3b1294a61a07da9b49b6e22b2cbd7f9,jmeter_766
13900000767,123456,d3b1294a61a07da9b49b6e22b2cbd7f9,jmeter_767
13900000768,123456,d3b1294a61a07da9b49b6e22b2cbd7f9,jmeter_768
13900000769,123456,d3b1294a61a07da9b49b6e22b2cbd7f9,jmeter_769
13900000770,123456,d3b1294a61a07da9b49b6e22b2cbd7f9,jmeter_770
13900000771,123456,d3b1294a61a07da9b49b6e22b2cbd7f9,jmeter_771
13900000772,123456,d3b1294a61a07da9b49b6e22b2cbd7f9,jmeter_772
13900000773,123456,d3b1294a61a07da9b49b6e22b2cbd7f9,jmeter_773
13900000774,123456,d3b1294a61a07da9b49b6e22b2cbd7f9,jmeter_774
13900000775,123456,d3b1294a61a07da9b49b6e22b2cbd7f9,jmeter_775
13900000776,123456,d3b1294a61a07da9b49b6e22b2cbd7f9,jmeter_776
13900000777,123456,d3b1294a61a07da9b49b6e22b2cbd7f9,jmeter_777
13900000778,123456,d3b1294a61a07da9b49b6e22b2cbd7f9,jmeter_778
13900000779,123456,d3b1294a61a07da9b49b6e22b2cbd7f9,jmeter_779
13900000780,123456,d3b1294a61a07da9b49b6e22b2cbd7f9,jmeter_780
13900000781,123456,d3b1294a61a07da9b49b6e22b2cbd7f9,jmeter_781
13900000782,123456,d3b1294a61a07da9b49b6e22b2cbd7f9,jmeter_782
13900000783,123456,d3b1294a61a07da9b49b6e22b2cbd7f9,jmeter_783
13900000784,123456,d3b1294a61a07da9b49b6e22b2cbd7f9,jmeter_784
13900000785,123456,d3b1294a61a07da9b49b6e22b2cbd7f9,jmeter_785
13900000786,123456,d3b1294a61a07da9b49b6e22b2cbd7f9,jmeter_786
13900000787,123456,d3b1294a61a07da9b49b6e22b2cbd7f9,jmeter_787
13900000788,123456,d3b1294a61a07da9b49b6e22b2cbd7f9,jmeter_788
13900000789,123456,d3b1294a61a07da9b49b6e22b2cbd7f9,jmeter_789
13900000790,123456,d3b1294a61a07da9b49b6e22b2cbd7f9,jmeter_790
13900000791,123456,d3b1294a61a07da9b49b6e22b2cbd7f9,jmeter_791
13900000792,123456,d3b1294a61a07da9b49b6e22b2cbd7f9,jmeter_792
13900000793,123456,d3b1294a61a07da9b49b6e22b2cbd7f9,jmeter_793
13900000794,123456,d3b1294a61a07da9b49b6e22b2cbd7f9,jmeter_794
13900000795,123456,d3b1294a61a07da9b49b6e22b2cbd7f9,jmeter_795
13900000796,123456,d3b1294a61a07da9b49b6e22b2cbd7f9,jmeter_796
13900000797,123456,d3b1294a61a07da9b49b6e22b2cbd7f9,jmeter_797
13900000798,123456,d3b1294a61a07da9b49b6e22b2cbd7f9,jmeter_798
13900000799,123456,d3b1294a61a07da9b49b6e22b2cbd7f9,jmeter_799
13900000800,123456,d3b1294a61a07da9b49b6e22b2cbd7f9,jmeter_800
13900000801,123456,d3b1294a61a07da9b49b6e22b2cbd7f9,jmeter_801
13900000802,123456,d3b1294a61a07da9b49b6e22b2cbd7f9,jmeter_802
13900000803,123456,d3b1294a61a07da9b49b6e22b2cbd7f9,jmeter_803
13900000804,123456,d3b1294a61a07da9b49b6e22b2cbd7f9,jmeter_804
13900000805,123456,d3b1294a61a07da9b49b6e22b2cbd7f9,jmeter_805
13900000806,123456,d3b1294a61a07da9b49b6e22b2cbd7f9,jmeter_806
13900000807,123456,d3b1294a61a07da9b49b6e22b2cbd7f9,jmeter_807
13900000808,123456,d3b1294a61a07da9b49b6e22b2cbd7f9,jmeter_808
13900000809,123456,d3b1294a61a07da9b49b6e22b2cbd7f9,jmeter_809
13900000810,123456,d3b1294a61a07da9b49b6e22b2cbd7f9,jmeter_810
13900000811,123456,d3b1294a61a07da9b49b6e22b2cbd7f9,jmeter_811
13900000812,123456,d3b1294a61a07da9b49b6e22b2cbd7f9,jmeter_812
13900000813,123456,d3b1294a61a07da9b49b6e22b2cbd7f9,jmeter_813
13900000814,123456,d3b1294a61a07da9b49b6e22b2cbd7f9,jmeter_814
13900000815,123456,d3b1294a61a07da9b49b6e22b2cbd7f9,jmeter_815
13900000816,123456,d3b1294a61a07da9b49b6e22b2cbd7f9,jmeter_816
13900000817,123456,d3b1294a61a07da9b49b6e22b2cbd7f9,jmeter_817
13900000818,123456,d3b1294a61a07da9b49b6e22b2cbd7f9,jmeter_818
13900000819,123456,d3b1294a61a07da9b49b6e22b2cbd7f9,jmeter_819
13900000820,123456,d3b1294a61a07da9b49b6e22b2cbd7f9,jmeter_820
13900000821,123456,d3b1294a61a07da9b49b6e22b2cbd7f9,jmeter_821
13900000822,123456,d3b1294a61a07da9b49b6e22b2cbd7f9,jmeter_822
13900000823,123456,d3b1294a61a07da9b49b6e22b2cbd7f9,jmeter_823
13900000824,123456,d3b1294a61a07da9b49b6e22b2cbd7f9,jmeter_824
13900000825,123456,d3b1294a61a07da9b49b6e22b2cbd7f9,jmeter_825
13900000826,123456,d3b1294a61a07da9b49b6e22b2cbd7f9,jmeter_826
13900000827,123456,d3b1294a61a07da9b49b6e22b2cbd7f9,jmeter_827
13900000828,123456,d3b1294a61a07da9b49b6e22b2cbd7f9,jmeter_828
13900000829,123456,d3b1294a61a07da9b49b6e22b2cbd7f9,jmeter_829
13900000830,123456,d3b1294a61a07da9b49b6e22b2cbd7f9,jmeter_830
13900000831,123456,d3b1294a61a07da9b49b6e22b2cbd7f9,jmeter_831
13900000832,123456,d3b1294a61a07da9b49b6e22b2cbd7f9,jmeter_832
13900000833,123456,d3b1294a61a07da9b49b6e22b2cbd7f9,jmeter_833
13900000834,123456,d3b1294a61a07da9b49b6e22b2cbd7f9,jmeter_834
13900000835,123456,d3b1294a61a07da9b49b6e22b2cbd7f9,jmeter_835
13900000836,123456,d3b1294a61a07da9b49b6e22b2cbd7f9,jmeter_836
13900000837,123456,d3b1294a61a07da9b49b6e22b2cbd7f9,jmeter_837
13900000838,123456,d3b1294a61a07da9b49b6e22b2cbd7f9,jmeter_838
13900000839,123456,d3b1294a61a07da9b49b6e22b2cbd7f9,jmeter_839
13900000840,123456,d3b1294a61a07da9b49b6e22b2cbd7f9,jmeter_840
13900000841,123456,d3b1294a61a07da9b49b6e22b2cbd7f9,jmeter_841
13900000842,123456,d3b1294a61a07da9b49b6e22b2cbd7f9,jmeter_842
13900000843,123456,d3b1294a61a07da9b49b6e22b2cbd7f9,jmeter_843
13900000844,123456,d3b1294a61a07da9b49b6e22b2cbd7f9,jmeter_844
13900000845,123456,d3b1294a61a07da9b49b6e22b2cbd7f9,jmeter_845
13900000846,123456,d3b1294a61a07da9b49b6e22b2cbd7f9,jmeter_846
13900000847,123456,d3b1294a61a07da9b49b6e22b2cbd7f9,jmeter_847
13900000848,123456,d3b1294a61a07da9b49b6e22b2cbd7f9,jmeter_848
13900000849,123456,d3b1294a61a07da9b49b6e22b2cbd7f9,jmeter_849
13900000850,123456,d3b1294a61a07da9b49b6e22b2cbd7f9,jmeter_850
13900000851,123456,d3b1294a61a07da9b49b6e22b2cbd7f9,jmeter_851
13900000852,123456,d3b1294a61a07da9b49b6e22b2cbd7f9,jmeter_852
13900000853,123456,d3b1294a61a07da9b49b6e22b2cbd7f9,jmeter_853
13900000854,123456,d3b1294a61a07da9b49b6e22b2cbd7f9,jmeter_854
13900000855,123456,d3b1294a61a07da9b49b6e22b2cbd7f9,jmeter_855
13900000856,123456,d3b1294a61a07da9b49b6e22b2cbd7f9,jmeter_856
13900000857,123456,d3b1294a61a07da9b49b6e22b2cbd7f9,jmeter_857
13900000858,123456,d3b1294a61a07da9b49b6e22b2cbd7f9,jmeter_858
13900000859,123456,d3b1294a61a07da9b49b6e22b2cbd7f9,jmeter_859
13900000860,123456,d3b1294a61a07da9b49b6e22b2cbd7f9,jmeter_860
13900000861,123456,d3b1294a61a07da9b49b6e22b2cbd7f9,jmeter_861
13900000862,123456,d3b1294a61a07da9b49b6e22b2cbd7f9,jmeter_862
13900000863,123456,d3b1294a61a07da9b49b6e22b2cbd7f9,jmeter_863
13900000864,123456,d3b1294a61a07da9b49b6e22b2cbd7f9,jmeter_864
13900000865,123456,d3b1294a61a07da9b49b6e22b2cbd7f9,jmeter_865
13900000866,123456,d3b1294a61a07da9b49b6e22b2cbd7f9,jmeter_866
13900000867,123456,d3b1294a61a07da9b49b6e22b2cbd7f9,jmeter_867
13900000868,123456,d3b1294a61a07da9b49b6e22b2cbd7f9,jmeter_868
13900000869,123456,d3b1294a61a07da9b49b6e22b2cbd7f9,jmeter_869
13900000870,123456,d3b1294a61a07da9b49b6e22b2cbd7f9,jmeter_870
13900000871,123456,d3b1294a61a07da9b49b6e22b2cbd7f9,jmeter_871
13900000872,123456,d3b1294a61a07da9b49b6e22b2cbd7f9,jmeter_872
13900000873,123456,d3b1294a61a07da9b49b6e22b2cbd7f9,jmeter_873
13900000874,123456,d3b1294a61a07da9b49b6e22b2cbd7f9,jmeter_874
13900000875,123456,d3b1294a61a07da9b49b6e22b2cbd7f9,jmeter_875
13900000876,123456,d3b1294a61a07da9b49b6e22b2cbd7f9,jmeter_876
13900000877,123456,d3b1294a61a07da9b49b6e22b2cbd7f9,jmeter_877
13900000878,123456,d3b1294a61a07da9b49b6e22b2cbd7f9,jmeter_878
13900000879,123456,d3b1294a61a07da9b49b6e22b2cbd7f9,jmeter_879
13900000880,123456,d3b1294a61a07da9b49b6e22b2cbd7f9,jmeter_880
13900000881,123456,d3b1294a61a07da9b49b6e22b2cbd7f9,jmeter_881
13900000882,123456,d3b1294a61a07da9b49b6e22b2cbd7f9,jmeter_882
13900000883,123456,d3b1294a61a07da9b49b6e22b2cbd7f9,jmeter_883
13900000884,123456,d3b1294a61a07da9b49b6e22b2cbd7f9,jmeter_884
13900000885,123456,d3b1294a61a07da9b49b6e22b2cbd7f9,jmeter_885
13900000886,123456,d3b1294a61a07da9b49b6e22b2cbd7f9,jmeter_886
13900000887,123456,d3b1294a61a07da9b49b6e22b2cbd7f9,jmeter_887
13900000888,123456,d3b1294a61a07da9b49b6e22b2cbd7f9,jmeter_888
13900000889,123456,d3b1294a61a07da9b49b6e22b2cbd7f9,jmeter_889
13900000890,123456,d3b1294a61a07da9b49b6e22b2cbd7f9,jmeter_890
13900000891,123456,d3b1294a61a07da9b49b6e22b2cbd7f9,jmeter_891
13900000892,123456,d3b1294a61a07da9b49b6e22b2cbd7f9,jmeter_892
13900000893,123456,d3b1294a61a07da9b49b6e22b2cbd7f9,jmeter_893
13900000894,123456,d3b1294a61a07da9b49b6e22b2cbd7f9,jmeter_894
13900000895,123456,d3b1294a61a07da9b49b6e22b2cbd7f9,jmeter_895
13900000896,123456,d3b1294a61a07da9b49b6e22b2cbd7f9,jmeter_896
13900000897,123456,d3b1294a61a07da9b49b6e22b2cbd7f9,jmeter_897
13900000898,123456,d3b1294a61a07da9b49b6e22b2cbd7f9,jmeter_898
13900000899,123456,d3b1294a61a07da9b49b6e22b2cbd7f9,jmeter_899
13900000900,123456,d3b1294a61a07da9b49b6e22b2cbd7f9,jmeter_900
13900000901,123456,d3b1294a61a07da9b49b6e22b2cbd7f9,jmeter_901
13900000902,123456,d3b1294a61a07da9b49b6e22b2cbd7f9,jmeter_902
13900000903,123456,d3b1294a61a07da9b49b6e22b2cbd7f9,jmeter_903
13900000904,123456,d3b1294a61a07da9b49b6e22b2cbd7f9,jmeter_904
13900000905,123456,d3b1294a61a07da9b49b6e22b2cbd7f9,jmeter_905
13900000906,123456,d3b1294a61a07da9b49b6e22b2cbd7f9,jmeter_906
13900000907,123456,d3b1294a61a07da9b49b6e22b2cbd7f9,jmeter_907
13900000908,123456,d3b1294a61a07da9b49b6e22b2cbd7f9,jmeter_908
13900000909,123456,d3b1294a61a07da9b49b6e22b2cbd7f9,jmeter_909
13900000910,123456,d3b1294a61a07da9b49b6e22b2cbd7f9,jmeter_910
13900000911,123456,d3b1294a61a07da9b49b6e22b2cbd7f9,jmeter_911
13900000912,123456,d3b1294a61a07da9b49b6e22b2cbd7f9,jmeter_912
13900000913,123456,d3b1294a61a07da9b49b6e22b2cbd7f9,jmeter_913
13900000914,123456,d3b1294a61a07da9b49b6e22b2cbd7f9,jmeter_914
13900000915,123456,d3b1294a61a07da9b49b6e22b2cbd7f9,jmeter_915
13900000916,123456,d3b1294a61a07da9b49b6e22b2cbd7f9,jmeter_916
13900000917,123456,d3b1294a61a07da9b49b6e22b2cbd7f9,jmeter_917
13900000918,123456,d3b1294a61a07da9b49b6e22b2cbd7f9,jmeter_918
13900000919,123456,d3b1294a61a07da9b49b6e22b2cbd7f9,jmeter_919
13900000920,123456,d3b1294a61a07da9b49b6e22b2cbd7f9,jmeter_920
13900000921,123456,d3b1294a61a07da9b49b6e22b2cbd7f9,jmeter_921
13900000922,123456,d3b1294a61a07da9b49b6e22b2cbd7f9,jmeter_922
13900000923,123456,d3b1294a61a07da9b49b6e22b2cbd7f9,jmeter_923
13900000924,123456,d3b1294a61a07da9b49b6e22b2cbd7f9,jmeter_924
13900000925,123456,d3b1294a61a07da9b49b6e22b2cbd7f9,jmeter_925
13900000926,123456,d3b1294a61a07da9b49b6e22b2cbd7f9,jmeter_926
13900000927,123456,d3b1294a61a07da9b49b6e22b2cbd7f9,jmeter_927
13900000928,123456,d3b1294a61a07da9b49b6e22b2cbd7f9,jmeter_928
13900000929,123456,d3b1294a61a07da9b49b6e22b2cbd7f9,jmeter_929
13900000930,123456,d3b1294a61a07da9b49b6e22b2cbd7f9,jmeter_930
13900000931,123456,d3b1294a61a07da9b49b6e22b2cbd7f9,jmeter_931
13900000932,123456,d3b1294a61a07da9b49b6e22b2cbd7f9,jmeter_932
13900000933,123456,d3b1294a61a07da9b49b6e22b2cbd7f9,jmeter_933
13900000934,123456,d3b1294a61a07da9b49b6e22b2cbd7f9,jmeter_934
13900000935,123456,d3b1294a61a07da9b49b6e22b2cbd7f9,jmeter_935
13900000936,123456,d3b1294a61a07da9b49b6e22b2cbd7f9,jmeter_936
13900000937,123456,d3b1294a61a07da9b49b6e22b2cbd7f9,jmeter_937
13900000938,123456,d3b1294a61a07da9b49b6e22b2cbd7f9,jmeter_938
13900000939,123456,d3b1294a61a07da9b49b6e22b2cbd7f9,jmeter_939
13900000940,123456,d3b1294a61a07da9b49b6e22b2cbd7f9,jmeter_940
13900000941,123456,d3b1294a61a07da9b49b6e22b2cbd7f9,jmeter_941
13900000942,123456,d3b1294a61a07da9b49b6e22b2cbd7f9,jmeter_942
13900000943,123456,d3b1294a61a07da9b49b6e22b2cbd7f9,jmeter_943
13900000944,123456,d3b1294a61a07da9b49b6e22b2cbd7f9,jmeter_944
13900000945,123456,d3b1294a61a07da9b49b6e22b2cbd7f9,jmeter_945
13900000946,123456,d3b1294a61a07da9b49b6e22b2cbd7f9,jmeter_946
13900000947,123456,d3b1294a61a07da9b49b6e22b2cbd7f9,jmeter_947
13900000948,123456,d3b1294a61a07da9b49b6e22b2cbd7f9,jmeter_948
13900000949,123456,d3b1294a61a07da9b49b6e22b2cbd7f9,jmeter_949
13900000950,123456,d3b1294a61a07da9b49b6e22b2cbd7f9,jmeter_950
13900000951,123456,d3b1294a61a07da9b49b6e22b2cbd7f9,jmeter_951
13900000952,123456,d3b1294a61a07da9b49b6e22b2cbd7f9,jmeter_952
13900000953,123456,d3b1294a61a07da9b49b6e22b2cbd7f9,jmeter_953
13900000954,123456,d3b1294a61a07da9b49b6e22b2cbd7f9,jmeter_954
13900000955,123456,d3b1294a61a07da9b49b6e22b2cbd7f9,jmeter_955
13900000956,123456,d3b1294a61a07da9b49b6e22b2cbd7f9,jmeter_956
13900000957,123456,d3b1294a61a07da9b49b6e22b2cbd7f9,jmeter_957
13900000958,123456,d3b1294a61a07da9b49b6e22b2cbd7f9,jmeter_958
13900000959,123456,d3b1294a61a07da9b49b6e22b2cbd7f9,jmeter_959
13900000960,123456,d3b1294a61a07da9b49b6e22b2cbd7f9,jmeter_960
13900000961,123456,d3b1294a61a07da9b49b6e22b2cbd7f9,jmeter_961
13900000962,123456,d3b1294a61a07da9b49b6e22b2cbd7f9,jmeter_962
13900000963,123456,d3b1294a61a07da9b49b6e22b2cbd7f9,jmeter_963
13900000964,123456,d3b1294a61a07da9b49b6e22b2cbd7f9,jmeter_964
13900000965,123456,d3b1294a61a07da9b49b6e22b2cbd7f9,jmeter_965
13900000966,123456,d3b1294a61a07da9b49b6e22b2cbd7f9,jmeter_966
13900000967,123456,d3b1294a61a07da9b49b6e22b2cbd7f9,jmeter_967
13900000968,123456,d3b1294a61a07da9b49b6e22b2cbd7f9,jmeter_968
13900000969,123456,d3b1294a61a07da9b49b6e22b2cbd7f9,jmeter_969
13900000970,123456,d3b1294a61a07da9b49b6e22b2cbd7f9,jmeter_970
13900000971,123456,d3b1294a61a07da9b49b6e22b2cbd7f9,jmeter_971
13900000972,123456,d3b1294a61a07da9b49b6e22b2cbd7f9,jmeter_972
13900000973,123456,d3b1294a61a07da9b49b6e22b2cbd7f9,jmeter_973
13900000974,123456,d3b1294a61a07da9b49b6e22b2cbd7f9,jmeter_974
13900000975,123456,d3b1294a61a07da9b49b6e22b2cbd7f9,jmeter_975
13900000976,123456,d3b1294a61a07da9b49b6e22b2cbd7f9,jmeter_976
13900000977,123456,d3b1294a61a07da9b49b6e22b2cbd7f9,jmeter_977
13900000978,123456,d3b1294a61a07da9b49b6e22b2cbd7f9,jmeter_978
13900000979,123456,d3b1294a61a07da9b49b6e22b2cbd7f9,jmeter_979
13900000980,123456,d3b1294a61a07da9b49b6e22b2cbd7f9,jmeter_980
13900000981,123456,d3b1294a61a07da9b49b6e22b2cbd7f9,jmeter_981
13900000982,123456,d3b1294a61a07da9b49b6e22b2cbd7f9,jmeter_982
13900000983,123456,d3b1294a61a07da9b49b6e22b2cbd7f9,jmeter_983
13900000984,123456,d3b1294a61a07da9b49b6e22b2cbd7f9,jmeter_984
13900000985,123456,d3b1294a61a07da9b49b6e22b2cbd7f9,jmeter_985
13900000986,123456,d3b1294a61a07da9b49b6e22b2cbd7f9,jmeter_986
13900000987,123456,d3b1294a61a07da9b49b6e22b2cbd7f9,jmeter_987
13900000988,123456,d3b1294a61a07da9b49b6e22b2cbd7f9,jmeter_988
13900000989,123456,d3b1294a61a07da9b49b6e22b2cbd7f9,jmeter_989
13900000990,123456,d3b1294a61a07da9b49b6e22b2cbd7f9,jmeter_990
13900000991,123456,d3b1294a61a07da9b49b6e22b2cbd7f9,jmeter_991
13900000992,123456,d3b1294a61a07da9b49b6e22b2cbd7f9,jmeter_992
13900000993,123456,d3b1294a61a07da9b49b6e22b2cbd7f9,jmeter_993
13900000994,123456,d3b1294a61a07da9b49b6e22b2cbd7f9,jmeter_994
13900000995,123456,d3b1294a61a07da9b49b6e22b2cbd7f9,jmeter_995
13900000996,123456,d3b1294a61a07da9b49b6e22b2cbd7f9,jmeter_996
13900000997,123456,d3b1294a61a07da9b49b6e22b2cbd7f9,jmeter_997
13900000998,123456,d3b1294a61a07da9b49b6e22b2cbd7f9,jmeter_998
13900000999,123456,d3b1294a61a07da9b49b6e22b2cbd7f9,jmeter_999
13900001000,123456,d3b1294a61a07da9b49b6e22b2cbd7f9,jmeter_1000
13900001001,123456,d3b1294a61a07da9b49b6e22b2cbd7f9,jmeter_1001
13900001002,123456,d3b1294a61a07da9b49b6e22b2cbd7f9,jmeter_1002
13900001003,123456,d3b1294a61a07da9b49b6e22b2cbd7f9,jmeter_1003
13900001004,123456,d3b1294a61a07da9b49b6e22b2cbd7f9,jmeter_1004
13900001005,123456,d3b1294a61a07da9b49b6e22b2cbd7f9,jmeter_1005
13900001006,123456,d3b1294a61a07da9b49b6e22b2cbd7f9,jmeter_1006
13900001007,123456,d3b1294a61a07da9b49b6e22b2cbd7f9,jmeter_1007
13900001008,123456,d3b1294a61a07da9b49b6e22b2cbd7f9,jmeter_1008
13900001009,123456,d3b1294a61a07da9b49b6e22b2cbd7f9,jmeter_1009
13900001010,123456,d3b1294a61a07da9b49b6e22b2cbd7f9,jmeter_1010
13900001011,123456,d3b1294a61a07da9b49b6e22b2cbd7f9,jmeter_1011
13900001012,123456,d3b1294a61a07da9b49b6e22b2cbd7f9,jmeter_1012
13900001013,123456,d3b1294a61a07da9b49b6e22b2cbd7f9,jmeter_1013
13900001014,123456,d3b1294a61a07da9b49b6e22b2cbd7f9,jmeter_1014
13900001015,123456,d3b1294a61a07da9b49b6e22b2cbd7f9,jmeter_1015
13900001016,123456,d3b1294a61a07da9b49b6e22b2cbd7f9,jmeter_1016
13900001017,123456,d3b1294a61a07da9b49b6e22b2cbd7f9,jmeter_1017
13900001018,123456,d3b1294a61a07da9b49b6e22b2cbd7f9,jmeter_1018
13900001019,123456,d3b1294a61a07da9b49b6e22b2cbd7f9,jmeter_1019
13900001020,123456,d3b1294a61a07da9b49b6e22b2cbd7f9,jmeter_1020
13900001021,123456,d3b1294a61a07da9b49b6e22b2cbd7f9,jmeter_1021
13900001022,123456,d3b1294a61a07da9b49b6e22b2cbd7f9,jmeter_1022
13900001023,123456,d3b1294a61a07da9b49b6e22b2cbd7f9,jmeter_1023
13900001024,123456,d3b1294a61a07da9b49b6e22b2cbd7f9,jmeter_1024
13900001025,123456,d3b1294a61a07da9b49b6e22b2cbd7f9,jmeter_1025
13900001026,123456,d3b1294a61a07da9b49b6e22b2cbd7f9,jmeter_1026
13900001027,123456,d3b1294a61a07da9b49b6e22b2cbd7f9,jmeter_1027
13900001028,123456,d3b1294a61a07da9b49b6e22b2cbd7f9,jmeter_1028
13900001029,123456,d3b1294a61a07da9b49b6e22b2cbd7f9,jmeter_1029
13900001030,123456,d3b1294a61a07da9b49b6e22b2cbd7f9,jmeter_1030
13900001031,123456,d3b1294a61a07da9b49b6e22b2cbd7f9,jmeter_1031
13900001032,123456,d3b1294a61a07da9b49b6e22b2cbd7f9,jmeter_1032
13900001033,123456,d3b1294a61a07da9b49b6e22b2cbd7f9,jmeter_1033
13900001034,123456,d3b1294a61a07da9b49b6e22b2cbd7f9,jmeter_1034
13900001035,123456,d3b1294a61a07da9b49b6e22b2cbd7f9,jmeter_1035
13900001036,123456,d3b1294a61a07da9b49b6e22b2cbd7f9,jmeter_1036
13900001037,123456,d3b1294a61a07da9b49b6e22b2cbd7f9,jmeter_1037
13900001038,123456,d3b1294a61a07da9b49b6e22b2cbd7f9,jmeter_1038
13900001039,123456,d3b1294a61a07da9b49b6e22b2cbd7f9,jmeter_1039
13900001040,123456,d3b1294a61a07da9b49b6e22b2cbd7f9,jmeter_1040
13900001041,123456,d3b1294a61a07da9b49b6e22b2cbd7f9,jmeter_1041
13900001042,123456,d3b1294a61a07da9b49b6e22b2cbd7f9,jmeter_1042
13900001043,123456,d3b1294a61a07da9b49b6e22b2cbd7f9,jmeter_1043
13900001044,123456,d3b1294a61a07da9b49b6e22b2cbd7f9,jmeter_1044
13900001045,123456,d3b1294a61a07da9b49b6e22b2cbd7f9,jmeter_1045
13900001046,123456,d3b1294a61a07da9b49b6e22b2cbd7f9,jmeter_1046
13900001047,123456,d3b1294a61a07da9b49b6e22b2cbd7f9,jmeter_1047
13900001048,123456,d3b1294a61a07da9b49b6e22b2cbd7f9,jmeter_1048
13900001049,123456,d3b1294a61a07da9b49b6e22b2cbd7f9,jmeter_1049
13900001050,123456,d3b1294a61a07da9b49b6e22b2cbd7f9,jmeter_1050
13900001051,123456,d3b1294a61a07da9b49b6e22b2cbd7f9,jmeter_1051
13900001052,123456,d3b1294a61a07da9b49b6e22b2cbd7f9,jmeter_1052
13900001053,123456,d3b1294a61a07da9b49b6e22b2cbd7f9,jmeter_1053
13900001054,123456,d3b1294a61a07da9b49b6e22b2cbd7f9,jmeter_1054
13900001055,123456,d3b1294a61a07da9b49b6e22b2cbd7f9,jmeter_1055
13900001056,123456,d3b1294a61a07da9b49b6e22b2cbd7f9,jmeter_1056
13900001057,123456,d3b1294a61a07da9b49b6e22b2cbd7f9,jmeter_1057
13900001058,123456,d3b1294a61a07da9b49b6e22b2cbd7f9,jmeter_1058
13900001059,123456,d3b1294a61a07da9b49b6e22b2cbd7f9,jmeter_1059
13900001060,123456,d3b1294a61a07da9b49b6e22b2cbd7f9,jmeter_1060
13900001061,123456,d3b1294a61a07da9b49b6e22b2cbd7f9,jmeter_1061
13900001062,123456,d3b1294a61a07da9b49b6e22b2cbd7f9,jmeter_1062
13900001063,123456,d3b1294a61a07da9b49b6e22b2cbd7f9,jmeter_1063
13900001064,123456,d3b1294a61a07da9b49b6e22b2cbd7f9,jmeter_1064
13900001065,123456,d3b1294a61a07da9b49b6e22b2cbd7f9,jmeter_1065
13900001066,123456,d3b1294a61a07da9b49b6e22b2cbd7f9,jmeter_1066
13900001067,123456,d3b1294a61a07da9b49b6e22b2cbd7f9,jmeter_1067
13900001068,123456,d3b1294a61a07da9b49b6e22b2cbd7f9,jmeter_1068
13900001069,123456,d3b1294a61a07da9b49b6e22b2cbd7f9,jmeter_1069
13900001070,123456,d3b1294a61a07da9b49b6e22b2cbd7f9,jmeter_1070
13900001071,123456,d3b1294a61a07da9b49b6e22b2cbd7f9,jmeter_1071
13900001072,123456,d3b1294a61a07da9b49b6e22b2cbd7f9,jmeter_1072
13900001073,123456,d3b1294a61a07da9b49b6e22b2cbd7f9,jmeter_1073
13900001074,123456,d3b1294a61a07da9b49b6e22b2cbd7f9,jmeter_1074
13900001075,123456,d3b1294a61a07da9b49b6e22b2cbd7f9,jmeter_1075
13900001076,123456,d3b1294a61a07da9b49b6e22b2cbd7f9,jmeter_1076
13900001077,123456,d3b1294a61a07da9b49b6e22b2cbd7f9,jmeter_1077
13900001078,123456,d3b1294a61a07da9b49b6e22b2cbd7f9,jmeter_1078
13900001079,123456,d3b1294a61a07da9b49b6e22b2cbd7f9,jmeter_1079
13900001080,123456,d3b1294a61a07da9b49b6e22b2cbd7f9,jmeter_1080
13900001081,123456,d3b1294a61a07da9b49b6e22b2cbd7f9,jmeter_1081
13900001082,123456,d3b1294a61a07da9b49b6e22b2cbd7f9,jmeter_1082
13900001083,123456,d3b1294a61a07da9b49b6e22b2cbd7f9,jmeter_1083
13900001084,123456,d3b1294a61a07da9b49b6e22b2cbd7f9,jmeter_1084
13900001085,123456,d3b1294a61a07da9b49b6e22b2cbd7f9,jmeter_1085
13900001086,123456,d3b1294a61a07da9b49b6e22b2cbd7f9,jmeter_1086
13900001087,123456,d3b1294a61a07da9b49b6e22b2cbd7f9,jmeter_1087
13900001088,123456,d3b1294a61a07da9b49b6e22b2cbd7f9,jmeter_1088
13900001089,123456,d3b1294a61a07da9b49b6e22b2cbd7f9,jmeter_1089
13900001090,123456,d3b1294a61a07da9b49b6e22b2cbd7f9,jmeter_1090
13900001091,123456,d3b1294a61a07da9b49b6e22b2cbd7f9,jmeter_1091
13900001092,123456,d3b1294a61a07da9b49b6e22b2cbd7f9,jmeter_1092
13900001093,123456,d3b1294a61a07da9b49b6e22b2cbd7f9,jmeter_1093
13900001094,123456,d3b1294a61a07da9b49b6e22b2cbd7f9,jmeter_1094
13900001095,123456,d3b1294a61a07da9b49b6e22b2cbd7f9,jmeter_1095
13900001096,123456,d3b1294a61a07da9b49b6e22b2cbd7f9,jmeter_1096
13900001097,123456,d3b1294a61a07da9b49b6e22b2cbd7f9,jmeter_1097
13900001098,123456,d3b1294a61a07da9b49b6e22b2cbd7f9,jmeter_1098
13900001099,123456,d3b1294a61a07da9b49b6e22b2cbd7f9,jmeter_1099
13900001100,123456,d3b1294a61a07da9b49b6e22b2cbd7f9,jmeter_1100
13900001101,123456,d3b1294a61a07da9b49b6e22b2cbd7f9,jmeter_1101
13900001102,123456,d3b1294a61a07da9b49b6e22b2cbd7f9,jmeter_1102
13900001103,123456,d3b1294a61a07da9b49b6e22b2cbd7f9,jmeter_1103
13900001104,123456,d3b1294a61a07da9b49b6e22b2cbd7f9,jmeter_1104
13900001105,123456,d3b1294a61a07da9b49b6e22b2cbd7f9,jmeter_1105
13900001106,123456,d3b1294a61a07da9b49b6e22b2cbd7f9,jmeter_1106
13900001107,123456,d3b1294a61a07da9b49b6e22b2cbd7f9,jmeter_1107
13900001108,123456,d3b1294a61a07da9b49b6e22b2cbd7f9,jmeter_1108
13900001109,123456,d3b1294a61a07da9b49b6e22b2cbd7f9,jmeter_1109
13900001110,123456,d3b1294a61a07da9b49b6e22b2cbd7f9,jmeter_1110
13900001111,123456,d3b1294a61a07da9b49b6e22b2cbd7f9,jmeter_1111
13900001112,123456,d3b1294a61a07da9b49b6e22b2cbd7f9,jmeter_1112
13900001113,123456,d3b1294a61a07da9b49b6e22b2cbd7f9,jmeter_1113
13900001114,123456,d3b1294a61a07da9b49b6e22b2cbd7f9,jmeter_1114
13900001115,123456,d3b1294a61a07da9b49b6e22b2cbd7f9,jmeter_1115
13900001116,123456,d3b1294a61a07da9b49b6e22b2cbd7f9,jmeter_1116
13900001117,123456,d3b1294a61a07da9b49b6e22b2cbd7f9,jmeter_1117
13900001118,123456,d3b1294a61a07da9b49b6e22b2cbd7f9,jmeter_1118
13900001119,123456,d3b1294a61a07da9b49b6e22b2cbd7f9,jmeter_1119
13900001120,123456,d3b1294a61a07da9b49b6e22b2cbd7f9,jmeter_1120
13900001121,123456,d3b1294a61a07da9b49b6e22b2cbd7f9,jmeter_1121
13900001122,123456,d3b1294a61a07da9b49b6e22b2cbd7f9,jmeter_1122
13900001123,123456,d3b1294a61a07da9b49b6e22b2cbd7f9,jmeter_1123
13900001124,123456,d3b1294a61a07da9b49b6e22b2cbd7f9,jmeter_1124
13900001125,123456,d3b1294a61a07da9b49b6e22b2cbd7f9,jmeter_1125
13900001126,123456,d3b1294a61a07da9b49b6e22b2cbd7f9,jmeter_1126
13900001127,123456,d3b1294a61a07da9b49b6e22b2cbd7f9,jmeter_1127
13900001128,123456,d3b1294a61a07da9b49b6e22b2cbd7f9,jmeter_1128
13900001129,123456,d3b1294a61a07da9b49b6e22b2cbd7f9,jmeter_1129
13900001130,123456,d3b1294a61a07da9b49b6e22b2cbd7f9,jmeter_1130
13900001131,123456,d3b1294a61a07da9b49b6e22b2cbd7f9,jmeter_1131
13900001132,123456,d3b1294a61a07da9b49b6e22b2cbd7f9,jmeter_1132
13900001133,123456,d3b1294a61a07da9b49b6e22b2cbd7f9,jmeter_1133
13900001134,123456,d3b1294a61a07da9b49b6e22b2cbd7f9,jmeter_1134
13900001135,123456,d3b1294a61a07da9b49b6e22b2cbd7f9,jmeter_1135
13900001136,123456,d3b1294a61a07da9b49b6e22b2cbd7f9,jmeter_1136
13900001137,123456,d3b1294a61a07da9b49b6e22b2cbd7f9,jmeter_1137
13900001138,123456,d3b1294a61a07da9b49b6e22b2cbd7f9,jmeter_1138
13900001139,123456,d3b1294a61a07da9b49b6e22b2cbd7f9,jmeter_1139
13900001140,123456,d3b1294a61a07da9b49b6e22b2cbd7f9,jmeter_1140
13900001141,123456,d3b1294a61a07da9b49b6e22b2cbd7f9,jmeter_1141
13900001142,123456,d3b1294a61a07da9b49b6e22b2cbd7f9,jmeter_1142
13900001143,123456,d3b1294a61a07da9b49b6e22b2cbd7f9,jmeter_1143
13900001144,123456,d3b1294a61a07da9b49b6e22b2cbd7f9,jmeter_1144
13900001145,123456,d3b1294a61a07da9b49b6e22b2cbd7f9,jmeter_1145
13900001146,123456,d3b1294a61a07da9b49b6e22b2cbd7f9,jmeter_1146
13900001147,123456,d3b1294a61a07da9b49b6e22b2cbd7f9,jmeter_1147
13900001148,123456,d3b1294a61a07da9b49b6e22b2cbd7f9,jmeter_1148
13900001149,123456,d3b1294a61a07da9b49b6e22b2cbd7f9,jmeter_1149
13900001150,123456,d3b1294a61a07da9b49b6e22b2cbd7f9,jmeter_1150
13900001151,123456,d3b1294a61a07da9b49b6e22b2cbd7f9,jmeter_1151
13900001152,123456,d3b1294a61a07da9b49b6e22b2cbd7f9,jmeter_1152
13900001153,123456,d3b1294a61a07da9b49b6e22b2cbd7f9,jmeter_1153
13900001154,123456,d3b1294a61a07da9b49b6e22b2cbd7f9,jmeter_1154
13900001155,123456,d3b1294a61a07da9b49b6e22b2cbd7f9,jmeter_1155
13900001156,123456,d3b1294a61a07da9b49b6e22b2cbd7f9,jmeter_1156
13900001157,123456,d3b1294a61a07da9b49b6e22b2cbd7f9,jmeter_1157
13900001158,123456,d3b1294a61a07da9b49b6e22b2cbd7f9,jmeter_1158
13900001159,123456,d3b1294a61a07da9b49b6e22b2cbd7f9,jmeter_1159
13900001160,123456,d3b1294a61a07da9b49b6e22b2cbd7f9,jmeter_1160
13900001161,123456,d3b1294a61a07da9b49b6e22b2cbd7f9,jmeter_1161
13900001162,123456,d3b1294a61a07da9b49b6e22b2cbd7f9,jmeter_1162
13900001163,123456,d3b1294a61a07da9b49b6e22b2cbd7f9,jmeter_1163
13900001164,123456,d3b1294a61a07da9b49b6e22b2cbd7f9,jmeter_1164
13900001165,123456,d3b1294a61a07da9b49b6e22b2cbd7f9,jmeter_1165
13900001166,123456,d3b1294a61a07da9b49b6e22b2cbd7f9,jmeter_1166
13900001167,123456,d3b1294a61a07da9b49b6e22b2cbd7f9,jmeter_1167
13900001168,123456,d3b1294a61a07da9b49b6e22b2cbd7f9,jmeter_1168
13900001169,123456,d3b1294a61a07da9b49b6e22b2cbd7f9,jmeter_1169
13900001170,123456,d3b1294a61a07da9b49b6e22b2cbd7f9,jmeter_1170
13900001171,123456,d3b1294a61a07da9b49b6e22b2cbd7f9,jmeter_1171
13900001172,123456,d3b1294a61a07da9b49b6e22b2cbd7f9,jmeter_1172
13900001173,123456,d3b1294a61a07da9b49b6e22b2cbd7f9,jmeter_1173
13900001174,123456,d3b1294a61a07da9b49b6e22b2cbd7f9,jmeter_1174
13900001175,123456,d3b1294a61a07da9b49b6e22b2cbd7f9,jmeter_1175
13900001176,123456,d3b1294a61a07da9b49b6e22b2cbd7f9,jmeter_1176
13900001177,123456,d3b1294a61a07da9b49b6e22b2cbd7f9,jmeter_1177
13900001178,123456,d3b1294a61a07da9b49b6e22b2cbd7f9,jmeter_1178
13900001179,123456,d3b1294a61a07da9b49b6e22b2cbd7f9,jmeter_1179
13900001180,123456,d3b1294a61a07da9b49b6e22b2cbd7f9,jmeter_1180
13900001181,123456,d3b1294a61a07da9b49b6e22b2cbd7f9,jmeter_1181
13900001182,123456,d3b1294a61a07da9b49b6e22b2cbd7f9,jmeter_1182
13900001183,123456,d3b1294a61a07da9b49b6e22b2cbd7f9,jmeter_1183
13900001184,123456,d3b1294a61a07da9b49b6e22b2cbd7f9,jmeter_1184
13900001185,123456,d3b1294a61a07da9b49b6e22b2cbd7f9,jmeter_1185
13900001186,123456,d3b1294a61a07da9b49b6e22b2cbd7f9,jmeter_1186
13900001187,123456,d3b1294a61a07da9b49b6e22b2cbd7f9,jmeter_1187
13900001188,123456,d3b1294a61a07da9b49b6e22b2cbd7f9,jmeter_1188
13900001189,123456,d3b1294a61a07da9b49b6e22b2cbd7f9,jmeter_1189
13900001190,123456,d3b1294a61a07da9b49b6e22b2cbd7f9,jmeter_1190
13900001191,123456,d3b1294a61a07da9b49b6e22b2cbd7f9,jmeter_1191
13900001192,123456,d3b1294a61a07da9b49b6e22b2cbd7f9,jmeter_1192
13900001193,123456,d3b1294a61a07da9b49b6e22b2cbd7f9,jmeter_1193
13900001194,123456,d3b1294a61a07da9b49b6e22b2cbd7f9,jmeter_1194
13900001195,123456,d3b1294a61a07da9b49b6e22b2cbd7f9,jmeter_1195
13900001196,123456,d3b1294a61a07da9b49b6e22b2cbd7f9,jmeter_1196
13900001197,123456,d3b1294a61a07da9b49b6e22b2cbd7f9,jmeter_1197
13900001198,123456,d3b1294a61a07da9b49b6e22b2cbd7f9,jmeter_1198
13900001199,123456,d3b1294a61a07da9b49b6e22b2cbd7f9,jmeter_1199
13900001200,123456,d3b1294a61a07da9b49b6e22b2cbd7f9,jmeter_1200
13900001201,123456,d3b1294a61a07da9b49b6e22b2cbd7f9,jmeter_1201
13900001202,123456,d3b1294a61a07da9b49b6e22b2cbd7f9,jmeter_1202
13900001203,123456,d3b1294a61a07da9b49b6e22b2cbd7f9,jmeter_1203
13900001204,123456,d3b1294a61a07da9b49b6e22b2cbd7f9,jmeter_1204
13900001205,123456,d3b1294a61a07da9b49b6e22b2cbd7f9,jmeter_1205
13900001206,123456,d3b1294a61a07da9b49b6e22b2cbd7f9,jmeter_1206
13900001207,123456,d3b1294a61a07da9b49b6e22b2cbd7f9,jmeter_1207
13900001208,123456,d3b1294a61a07da9b49b6e22b2cbd7f9,jmeter_1208
13900001209,123456,d3b1294a61a07da9b49b6e22b2cbd7f9,jmeter_1209
13900001210,123456,d3b1294a61a07da9b49b6e22b2cbd7f9,jmeter_1210
13900001211,123456,d3b1294a61a07da9b49b6e22b2cbd7f9,jmeter_1211
13900001212,123456,d3b1294a61a07da9b49b6e22b2cbd7f9,jmeter_1212
13900001213,123456,d3b1294a61a07da9b49b6e22b2cbd7f9,jmeter_1213
13900001214,123456,d3b1294a61a07da9b49b6e22b2cbd7f9,jmeter_1214
13900001215,123456,d3b1294a61a07da9b49b6e22b2cbd7f9,jmeter_1215
13900001216,123456,d3b1294a61a07da9b49b6e22b2cbd7f9,jmeter_1216
13900001217,123456,d3b1294a61a07da9b49b6e22b2cbd7f9,jmeter_1217
13900001218,123456,d3b1294a61a07da9b49b6e22b2cbd7f9,jmeter_1218
13900001219,123456,d3b1294a61a07da9b49b6e22b2cbd7f9,jmeter_1219
13900001220,123456,d3b1294a61a07da9b49b6e22b2cbd7f9,jmeter_1220
13900001221,123456,d3b1294a61a07da9b49b6e22b2cbd7f9,jmeter_1221
13900001222,123456,d3b1294a61a07da9b49b6e22b2cbd7f9,jmeter_1222
13900001223,123456,d3b1294a61a07da9b49b6e22b2cbd7f9,jmeter_1223
13900001224,123456,d3b1294a61a07da9b49b6e22b2cbd7f9,jmeter_1224
13900001225,123456,d3b1294a61a07da9b49b6e22b2cbd7f9,jmeter_1225
13900001226,123456,d3b1294a61a07da9b49b6e22b2cbd7f9,jmeter_1226
13900001227,123456,d3b1294a61a07da9b49b6e22b2cbd7f9,jmeter_1227
13900001228,123456,d3b1294a61a07da9b49b6e22b2cbd7f9,jmeter_1228
13900001229,123456,d3b1294a61a07da9b49b6e22b2cbd7f9,jmeter_1229
13900001230,123456,d3b1294a61a07da9b49b6e22b2cbd7f9,jmeter_1230
13900001231,123456,d3b1294a61a07da9b49b6e22b2cbd7f9,jmeter_1231
13900001232,123456,d3b1294a61a07da9b49b6e22b2cbd7f9,jmeter_1232
13900001233,123456,d3b1294a61a07da9b49b6e22b2cbd7f9,jmeter_1233
13900001234,123456,d3b1294a61a07da9b49b6e22b2cbd7f9,jmeter_1234
13900001235,123456,d3b1294a61a07da9b49b6e22b2cbd7f9,jmeter_1235
13900001236,123456,d3b1294a61a07da9b49b6e22b2cbd7f9,jmeter_1236
13900001237,123456,d3b1294a61a07da9b49b6e22b2cbd7f9,jmeter_1237
13900001238,123456,d3b1294a61a07da9b49b6e22b2cbd7f9,jmeter_1238
13900001239,123456,d3b1294a61a07da9b49b6e22b2cbd7f9,jmeter_1239
13900001240,123456,d3b1294a61a07da9b49b6e22b2cbd7f9,jmeter_1240
13900001241,123456,d3b1294a61a07da9b49b6e22b2cbd7f9,jmeter_1241
13900001242,123456,d3b1294a61a07da9b49b6e22b2cbd7f9,jmeter_1242
13900001243,123456,d3b1294a61a07da9b49b6e22b2cbd7f9,jmeter_1243
13900001244,123456,d3b1294a61a07da9b49b6e22b2cbd7f9,jmeter_1244
13900001245,123456,d3b1294a61a07da9b49b6e22b2cbd7f9,jmeter_1245
13900001246,123456,d3b1294a61a07da9b49b6e22b2cbd7f9,jmeter_1246
13900001247,123456,d3b1294a61a07da9b49b6e22b2cbd7f9,jmeter_1247
13900001248,123456,d3b1294a61a07da9b49b6e22b2cbd7f9,jmeter_1248
13900001249,123456,d3b1294a61a07da9b49b6e22b2cbd7f9,jmeter_1249
13900001250,123456,d3b1294a61a07da9b49b6e22b2cbd7f9,jmeter_1250
13900001251,123456,d3b1294a61a07da9b49b6e22b2cbd7f9,jmeter_1251
13900001252,123456,d3b1294a61a07da9b49b6e22b2cbd7f9,jmeter_1252
13900001253,123456,d3b1294a61a07da9b49b6e22b2cbd7f9,jmeter_1253
13900001254,123456,d3b1294a61a07da9b49b6e22b2cbd7f9,jmeter_1254
13900001255,123456,d3b1294a61a07da9b49b6e22b2cbd7f9,jmeter_1255
13900001256,123456,d3b1294a61a07da9b49b6e22b2cbd7f9,jmeter_1256
13900001257,123456,d3b1294a61a07da9b49b6e22b2cbd7f9,jmeter_1257
13900001258,123456,d3b1294a61a07da9b49b6e22b2cbd7f9,jmeter_1258
13900001259,123456,d3b1294a61a07da9b49b6e22b2cbd7f9,jmeter_1259
13900001260,123456,d3b1294a61a07da9b49b6e22b2cbd7f9,jmeter_1260
13900001261,123456,d3b1294a61a07da9b49b6e22b2cbd7f9,jmeter_1261
13900001262,123456,d3b1294a61a07da9b49b6e22b2cbd7f9,jmeter_1262
13900001263,123456,d3b1294a61a07da9b49b6e22b2cbd7f9,jmeter_1263
13900001264,123456,d3b1294a61a07da9b49b6e22b2cbd7f9,jmeter_1264
13900001265,123456,d3b1294a61a07da9b49b6e22b2cbd7f9,jmeter_1265
13900001266,123456,d3b1294a61a07da9b49b6e22b2cbd7f9,jmeter_1266
13900001267,123456,d3b1294a61a07da9b49b6e22b2cbd7f9,jmeter_1267
13900001268,123456,d3b1294a61a07da9b49b6e22b2cbd7f9,jmeter_1268
13900001269,123456,d3b1294a61a07da9b49b6e22b2cbd7f9,jmeter_1269
13900001270,123456,d3b1294a61a07da9b49b6e22b2cbd7f9,jmeter_1270
13900001271,123456,d3b1294a61a07da9b49b6e22b2cbd7f9,jmeter_1271
13900001272,123456,d3b1294a61a07da9b49b6e22b2cbd7f9,jmeter_1272
13900001273,123456,d3b1294a61a07da9b49b6e22b2cbd7f9,jmeter_1273
13900001274,123456,d3b1294a61a07da9b49b6e22b2cbd7f9,jmeter_1274
13900001275,123456,d3b1294a61a07da9b49b6e22b2cbd7f9,jmeter_1275
13900001276,123456,d3b1294a61a07da9b49b6e22b2cbd7f9,jmeter_1276
13900001277,123456,d3b1294a61a07da9b49b6e22b2cbd7f9,jmeter_1277
13900001278,123456,d3b1294a61a07da9b49b6e22b2cbd7f9,jmeter_1278
13900001279,123456,d3b1294a61a07da9b49b6e22b2cbd7f9,jmeter_1279
13900001280,123456,d3b1294a61a07da9b49b6e22b2cbd7f9,jmeter_1280
13900001281,123456,d3b1294a61a07da9b49b6e22b2cbd7f9,jmeter_1281
13900001282,123456,d3b1294a61a07da9b49b6e22b2cbd7f9,jmeter_1282
13900001283,123456,d3b1294a61a07da9b49b6e22b2cbd7f9,jmeter_1283
13900001284,123456,d3b1294a61a07da9b49b6e22b2cbd7f9,jmeter_1284
13900001285,123456,d3b1294a61a07da9b49b6e22b2cbd7f9,jmeter_1285
13900001286,123456,d3b1294a61a07da9b49b6e22b2cbd7f9,jmeter_1286
13900001287,123456,d3b1294a61a07da9b49b6e22b2cbd7f9,jmeter_1287
13900001288,123456,d3b1294a61a07da9b49b6e22b2cbd7f9,jmeter_1288
13900001289,123456,d3b1294a61a07da9b49b6e22b2cbd7f9,jmeter_1289
13900001290,123456,d3b1294a61a07da9b49b6e22b2cbd7f9,jmeter_1290
13900001291,123456,d3b1294a61a07da9b49b6e22b2cbd7f9,jmeter_1291
13900001292,123456,d3b1294a61a07da9b49b6e22b2cbd7f9,jmeter_1292
13900001293,123456,d3b1294a61a07da9b49b6e22b2cbd7f9,jmeter_1293
13900001294,123456,d3b1294a61a07da9b49b6e22b2cbd7f9,jmeter_1294
13900001295,123456,d3b1294a61a07da9b49b6e22b2cbd7f9,jmeter_1295
13900001296,123456,d3b1294a61a07da9b49b6e22b2cbd7f9,jmeter_1296
13900001297,123456,d3b1294a61a07da9b49b6e22b2cbd7f9,jmeter_1297
13900001298,123456,d3b1294a61a07da9b49b6e22b2cbd7f9,jmeter_1298
13900001299,123456,d3b1294a61a07da9b49b6e22b2cbd7f9,jmeter_1299
13900001300,123456,d3b1294a61a07da9b49b6e22b2cbd7f9,jmeter_1300
13900001301,123456,d3b1294a61a07da9b49b6e22b2cbd7f9,jmeter_1301
13900001302,123456,d3b1294a61a07da9b49b6e22b2cbd7f9,jmeter_1302
13900001303,123456,d3b1294a61a07da9b49b6e22b2cbd7f9,jmeter_1303
13900001304,123456,d3b1294a61a07da9b49b6e22b2cbd7f9,jmeter_1304
13900001305,123456,d3b1294a61a07da9b49b6e22b2cbd7f9,jmeter_1305
13900001306,123456,d3b1294a61a07da9b49b6e22b2cbd7f9,jmeter_1306
13900001307,123456,d3b1294a61a07da9b49b6e22b2cbd7f9,jmeter_1307
13900001308,123456,d3b1294a61a07da9b49b6e22b2cbd7f9,jmeter_1308
13900001309,123456,d3b1294a61a07da9b49b6e22b2cbd7f9,jmeter_1309
13900001310,123456,d3b1294a61a07da9b49b6e22b2cbd7f9,jmeter_1310
13900001311,123456,d3b1294a61a07da9b49b6e22b2cbd7f9,jmeter_1311
13900001312,123456,d3b1294a61a07da9b49b6e22b2cbd7f9,jmeter_1312
13900001313,123456,d3b1294a61a07da9b49b6e22b2cbd7f9,jmeter_1313
13900001314,123456,d3b1294a61a07da9b49b6e22b2cbd7f9,jmeter_1314
13900001315,123456,d3b1294a61a07da9b49b6e22b2cbd7f9,jmeter_1315
13900001316,123456,d3b1294a61a07da9b49b6e22b2cbd7f9,jmeter_1316
13900001317,123456,d3b1294a61a07da9b49b6e22b2cbd7f9,jmeter_1317
13900001318,123456,d3b1294a61a07da9b49b6e22b2cbd7f9,jmeter_1318
13900001319,123456,d3b1294a61a07da9b49b6e22b2cbd7f9,jmeter_1319
13900001320,123456,d3b1294a61a07da9b49b6e22b2cbd7f9,jmeter_1320
13900001321,123456,d3b1294a61a07da9b49b6e22b2cbd7f9,jmeter_1321
13900001322,123456,d3b1294a61a07da9b49b6e22b2cbd7f9,jmeter_1322
13900001323,123456,d3b1294a61a07da9b49b6e22b2cbd7f9,jmeter_1323
13900001324,123456,d3b1294a61a07da9b49b6e22b2cbd7f9,jmeter_1324
13900001325,123456,d3b1294a61a07da9b49b6e22b2cbd7f9,jmeter_1325
13900001326,123456,d3b1294a61a07da9b49b6e22b2cbd7f9,jmeter_1326
13900001327,123456,d3b1294a61a07da9b49b6e22b2cbd7f9,jmeter_1327
13900001328,123456,d3b1294a61a07da9b49b6e22b2cbd7f9,jmeter_1328
13900001329,123456,d3b1294a61a07da9b49b6e22b2cbd7f9,jmeter_1329
13900001330,123456,d3b1294a61a07da9b49b6e22b2cbd7f9,jmeter_1330
13900001331,123456,d3b1294a61a07da9b49b6e22b2cbd7f9,jmeter_1331
13900001332,123456,d3b1294a61a07da9b49b6e22b2cbd7f9,jmeter_1332
13900001333,123456,d3b1294a61a07da9b49b6e22b2cbd7f9,jmeter_1333
13900001334,123456,d3b1294a61a07da9b49b6e22b2cbd7f9,jmeter_1334
13900001335,123456,d3b1294a61a07da9b49b6e22b2cbd7f9,jmeter_1335
13900001336,123456,d3b1294a61a07da9b49b6e22b2cbd7f9,jmeter_1336
13900001337,123456,d3b1294a61a07da9b49b6e22b2cbd7f9,jmeter_1337
13900001338,123456,d3b1294a61a07da9b49b6e22b2cbd7f9,jmeter_1338
13900001339,123456,d3b1294a61a07da9b49b6e22b2cbd7f9,jmeter_1339
13900001340,123456,d3b1294a61a07da9b49b6e22b2cbd7f9,jmeter_1340
13900001341,123456,d3b1294a61a07da9b49b6e22b2cbd7f9,jmeter_1341
13900001342,123456,d3b1294a61a07da9b49b6e22b2cbd7f9,jmeter_1342
13900001343,123456,d3b1294a61a07da9b49b6e22b2cbd7f9,jmeter_1343
13900001344,123456,d3b1294a61a07da9b49b6e22b2cbd7f9,jmeter_1344
13900001345,123456,d3b1294a61a07da9b49b6e22b2cbd7f9,jmeter_1345
13900001346,123456,d3b1294a61a07da9b49b6e22b2cbd7f9,jmeter_1346
13900001347,123456,d3b1294a61a07da9b49b6e22b2cbd7f9,jmeter_1347
13900001348,123456,d3b1294a61a07da9b49b6e22b2cbd7f9,jmeter_1348
13900001349,123456,d3b1294a61a07da9b49b6e22b2cbd7f9,jmeter_1349
13900001350,123456,d3b1294a61a07da9b49b6e22b2cbd7f9,jmeter_1350
13900001351,123456,d3b1294a61a07da9b49b6e22b2cbd7f9,jmeter_1351
13900001352,123456,d3b1294a61a07da9b49b6e22b2cbd7f9,jmeter_1352
13900001353,123456,d3b1294a61a07da9b49b6e22b2cbd7f9,jmeter_1353
13900001354,123456,d3b1294a61a07da9b49b6e22b2cbd7f9,jmeter_1354
13900001355,123456,d3b1294a61a07da9b49b6e22b2cbd7f9,jmeter_1355
13900001356,123456,d3b1294a61a07da9b49b6e22b2cbd7f9,jmeter_1356
13900001357,123456,d3b1294a61a07da9b49b6e22b2cbd7f9,jmeter_1357
13900001358,123456,d3b1294a61a07da9b49b6e22b2cbd7f9,jmeter_1358
13900001359,123456,d3b1294a61a07da9b49b6e22b2cbd7f9,jmeter_1359
13900001360,123456,d3b1294a61a07da9b49b6e22b2cbd7f9,jmeter_1360
13900001361,123456,d3b1294a61a07da9b49b6e22b2cbd7f9,jmeter_1361
13900001362,123456,d3b1294a61a07da9b49b6e22b2cbd7f9,jmeter_1362
13900001363,123456,d3b1294a61a07da9b49b6e22b2cbd7f9,jmeter_1363
13900001364,123456,d3b1294a61a07da9b49b6e22b2cbd7f9,jmeter_1364
13900001365,123456,d3b1294a61a07da9b49b6e22b2cbd7f9,jmeter_1365
13900001366,123456,d3b1294a61a07da9b49b6e22b2cbd7f9,jmeter_1366
13900001367,123456,d3b1294a61a07da9b49b6e22b2cbd7f9,jmeter_1367
13900001368,123456,d3b1294a61a07da9b49b6e22b2cbd7f9,jmeter_1368
13900001369,123456,d3b1294a61a07da9b49b6e22b2cbd7f9,jmeter_1369
13900001370,123456,d3b1294a61a07da9b49b6e22b2cbd7f9,jmeter_1370
13900001371,123456,d3b1294a61a07da9b49b6e22b2cbd7f9,jmeter_1371
13900001372,123456,d3b1294a61a07da9b49b6e22b2cbd7f9,jmeter_1372
13900001373,123456,d3b1294a61a07da9b49b6e22b2cbd7f9,jmeter_1373
13900001374,123456,d3b1294a61a07da9b49b6e22b2cbd7f9,jmeter_1374
13900001375,123456,d3b1294a61a07da9b49b6e22b2cbd7f9,jmeter_1375
13900001376,123456,d3b1294a61a07da9b49b6e22b2cbd7f9,jmeter_1376
13900001377,123456,d3b1294a61a07da9b49b6e22b2cbd7f9,jmeter_1377
13900001378,123456,d3b1294a61a07da9b49b6e22b2cbd7f9,jmeter_1378
13900001379,123456,d3b1294a61a07da9b49b6e22b2cbd7f9,jmeter_1379
13900001380,123456,d3b1294a61a07da9b49b6e22b2cbd7f9,jmeter_1380
13900001381,123456,d3b1294a61a07da9b49b6e22b2cbd7f9,jmeter_1381
13900001382,123456,d3b1294a61a07da9b49b6e22b2cbd7f9,jmeter_1382
13900001383,123456,d3b1294a61a07da9b49b6e22b2cbd7f9,jmeter_1383
13900001384,123456,d3b1294a61a07da9b49b6e22b2cbd7f9,jmeter_1384
13900001385,123456,d3b1294a61a07da9b49b6e22b2cbd7f9,jmeter_1385
13900001386,123456,d3b1294a61a07da9b49b6e22b2cbd7f9,jmeter_1386
13900001387,123456,d3b1294a61a07da9b49b6e22b2cbd7f9,jmeter_1387
13900001388,123456,d3b1294a61a07da9b49b6e22b2cbd7f9,jmeter_1388
13900001389,123456,d3b1294a61a07da9b49b6e22b2cbd7f9,jmeter_1389
13900001390,123456,d3b1294a61a07da9b49b6e22b2cbd7f9,jmeter_1390
13900001391,123456,d3b1294a61a07da9b49b6e22b2cbd7f9,jmeter_1391
13900001392,123456,d3b1294a61a07da9b49b6e22b2cbd7f9,jmeter_1392
13900001393,123456,d3b1294a61a07da9b49b6e22b2cbd7f9,jmeter_1393
13900001394,123456,d3b1294a61a07da9b49b6e22b2cbd7f9,jmeter_1394
13900001395,123456,d3b1294a61a07da9b49b6e22b2cbd7f9,jmeter_1395
13900001396,123456,d3b1294a61a07da9b49b6e22b2cbd7f9,jmeter_1396
13900001397,123456,d3b1294a61a07da9b49b6e22b2cbd7f9,jmeter_1397
13900001398,123456,d3b1294a61a07da9b49b6e22b2cbd7f9,jmeter_1398
13900001399,123456,d3b1294a61a07da9b49b6e22b2cbd7f9,jmeter_1399
13900001400,123456,d3b1294a61a07da9b49b6e22b2cbd7f9,jmeter_1400
13900001401,123456,d3b1294a61a07da9b49b6e22b2cbd7f9,jmeter_1401
13900001402,123456,d3b1294a61a07da9b49b6e22b2cbd7f9,jmeter_1402
13900001403,123456,d3b1294a61a07da9b49b6e22b2cbd7f9,jmeter_1403
13900001404,123456,d3b1294a61a07da9b49b6e22b2cbd7f9,jmeter_1404
13900001405,123456,d3b1294a61a07da9b49b6e22b2cbd7f9,jmeter_1405
13900001406,123456,d3b1294a61a07da9b49b6e22b2cbd7f9,jmeter_1406
13900001407,123456,d3b1294a61a07da9b49b6e22b2cbd7f9,jmeter_1407
13900001408,123456,d3b1294a61a07da9b49b6e22b2cbd7f9,jmeter_1408
13900001409,123456,d3b1294a61a07da9b49b6e22b2cbd7f9,jmeter_1409
13900001410,123456,d3b1294a61a07da9b49b6e22b2cbd7f9,jmeter_1410
13900001411,123456,d3b1294a61a07da9b49b6e22b2cbd7f9,jmeter_1411
13900001412,123456,d3b1294a61a07da9b49b6e22b2cbd7f9,jmeter_1412
13900001413,123456,d3b1294a61a07da9b49b6e22b2cbd7f9,jmeter_1413
13900001414,123456,d3b1294a61a07da9b49b6e22b2cbd7f9,jmeter_1414
13900001415,123456,d3b1294a61a07da9b49b6e22b2cbd7f9,jmeter_1415
13900001416,123456,d3b1294a61a07da9b49b6e22b2cbd7f9,jmeter_1416
13900001417,123456,d3b1294a61a07da9b49b6e22b2cbd7f9,jmeter_1417
13900001418,123456,d3b1294a61a07da9b49b6e22b2cbd7f9,jmeter_1418
13900001419,123456,d3b1294a61a07da9b49b6e22b2cbd7f9,jmeter_1419
13900001420,123456,d3b1294a61a07da9b49b6e22b2cbd7f9,jmeter_1420
13900001421,123456,d3b1294a61a07da9b49b6e22b2cbd7f9,jmeter_1421
13900001422,123456,d3b1294a61a07da9b49b6e22b2cbd7f9,jmeter_1422
13900001423,123456,d3b1294a61a07da9b49b6e22b2cbd7f9,jmeter_1423
13900001424,123456,d3b1294a61a07da9b49b6e22b2cbd7f9,jmeter_1424
13900001425,123456,d3b1294a61a07da9b49b6e22b2cbd7f9,jmeter_1425
13900001426,123456,d3b1294a61a07da9b49b6e22b2cbd7f9,jmeter_1426
13900001427,123456,d3b1294a61a07da9b49b6e22b2cbd7f9,jmeter_1427
13900001428,123456,d3b1294a61a07da9b49b6e22b2cbd7f9,jmeter_1428
13900001429,123456,d3b1294a61a07da9b49b6e22b2cbd7f9,jmeter_1429
13900001430,123456,d3b1294a61a07da9b49b6e22b2cbd7f9,jmeter_1430
13900001431,123456,d3b1294a61a07da9b49b6e22b2cbd7f9,jmeter_1431
13900001432,123456,d3b1294a61a07da9b49b6e22b2cbd7f9,jmeter_1432
13900001433,123456,d3b1294a61a07da9b49b6e22b2cbd7f9,jmeter_1433
13900001434,123456,d3b1294a61a07da9b49b6e22b2cbd7f9,jmeter_1434
13900001435,123456,d3b1294a61a07da9b49b6e22b2cbd7f9,jmeter_1435
13900001436,123456,d3b1294a61a07da9b49b6e22b2cbd7f9,jmeter_1436
13900001437,123456,d3b1294a61a07da9b49b6e22b2cbd7f9,jmeter_1437
13900001438,123456,d3b1294a61a07da9b49b6e22b2cbd7f9,jmeter_1438
13900001439,123456,d3b1294a61a07da9b49b6e22b2cbd7f9,jmeter_1439
13900001440,123456,d3b1294a61a07da9b49b6e22b2cbd7f9,jmeter_1440
13900001441,123456,d3b1294a61a07da9b49b6e22b2cbd7f9,jmeter_1441
13900001442,123456,d3b1294a61a07da9b49b6e22b2cbd7f9,jmeter_1442
13900001443,123456,d3b1294a61a07da9b49b6e22b2cbd7f9,jmeter_1443
13900001444,123456,d3b1294a61a07da9b49b6e22b2cbd7f9,jmeter_1444
13900001445,123456,d3b1294a61a07da9b49b6e22b2cbd7f9,jmeter_1445
13900001446,123456,d3b1294a61a07da9b49b6e22b2cbd7f9,jmeter_1446
13900001447,123456,d3b1294a61a07da9b49b6e22b2cbd7f9,jmeter_1447
13900001448,123456,d3b1294a61a07da9b49b6e22b2cbd7f9,jmeter_1448
13900001449,123456,d3b1294a61a07da9b49b6e22b2cbd7f9,jmeter_1449
13900001450,123456,d3b1294a61a07da9b49b6e22b2cbd7f9,jmeter_1450
13900001451,123456,d3b1294a61a07da9b49b6e22b2cbd7f9,jmeter_1451
13900001452,123456,d3b1294a61a07da9b49b6e22b2cbd7f9,jmeter_1452
13900001453,123456,d3b1294a61a07da9b49b6e22b2cbd7f9,jmeter_1453
13900001454,123456,d3b1294a61a07da9b49b6e22b2cbd7f9,jmeter_1454
13900001455,123456,d3b1294a61a07da9b49b6e22b2cbd7f9,jmeter_1455
13900001456,123456,d3b1294a61a07da9b49b6e22b2cbd7f9,jmeter_1456
13900001457,123456,d3b1294a61a07da9b49b6e22b2cbd7f9,jmeter_1457
13900001458,123456,d3b1294a61a07da9b49b6e22b2cbd7f9,jmeter_1458
13900001459,123456,d3b1294a61a07da9b49b6e22b2cbd7f9,jmeter_1459
13900001460,123456,d3b1294a61a07da9b49b6e22b2cbd7f9,jmeter_1460
13900001461,123456,d3b1294a61a07da9b49b6e22b2cbd7f9,jmeter_1461
13900001462,123456,d3b1294a61a07da9b49b6e22b2cbd7f9,jmeter_1462
13900001463,123456,d3b1294a61a07da9b49b6e22b2cbd7f9,jmeter_1463
13900001464,123456,d3b1294a61a07da9b49b6e22b2cbd7f9,jmeter_1464
13900001465,123456,d3b1294a61a07da9b49b6e22b2cbd7f9,jmeter_1465
13900001466,123456,d3b1294a61a07da9b49b6e22b2cbd7f9,jmeter_1466
13900001467,123456,d3b1294a61a07da9b49b6e22b2cbd7f9,jmeter_1467
13900001468,123456,d3b1294a61a07da9b49b6e22b2cbd7f9,jmeter_1468
13900001469,123456,d3b1294a61a07da9b49b6e22b2cbd7f9,jmeter_1469
13900001470,123456,d3b1294a61a07da9b49b6e22b2cbd7f9,jmeter_1470
13900001471,123456,d3b1294a61a07da9b49b6e22b2cbd7f9,jmeter_1471
13900001472,123456,d3b1294a61a07da9b49b6e22b2cbd7f9,jmeter_1472
13900001473,123456,d3b1294a61a07da9b49b6e22b2cbd7f9,jmeter_1473
13900001474,123456,d3b1294a61a07da9b49b6e22b2cbd7f9,jmeter_1474
13900001475,123456,d3b1294a61a07da9b49b6e22b2cbd7f9,jmeter_1475
13900001476,123456,d3b1294a61a07da9b49b6e22b2cbd7f9,jmeter_1476
13900001477,123456,d3b1294a61a07da9b49b6e22b2cbd7f9,jmeter_1477
13900001478,123456,d3b1294a61a07da9b49b6e22b2cbd7f9,jmeter_1478
13900001479,123456,d3b1294a61a07da9b49b6e22b2cbd7f9,jmeter_1479
13900001480,123456,d3b1294a61a07da9b49b6e22b2cbd7f9,jmeter_1480
13900001481,123456,d3b1294a61a07da9b49b6e22b2cbd7f9,jmeter_1481
13900001482,123456,d3b1294a61a07da9b49b6e22b2cbd7f9,jmeter_1482
13900001483,123456,d3b1294a61a07da9b49b6e22b2cbd7f9,jmeter_1483
13900001484,123456,d3b1294a61a07da9b49b6e22b2cbd7f9,jmeter_1484
13900001485,123456,d3b1294a61a07da9b49b6e22b2cbd7f9,jmeter_1485
13900001486,123456,d3b1294a61a07da9b49b6e22b2cbd7f9,jmeter_1486
13900001487,123456,d3b1294a61a07da9b49b6e22b2cbd7f9,jmeter_1487
13900001488,123456,d3b1294a61a07da9b49b6e22b2cbd7f9,jmeter_1488
13900001489,123456,d3b1294a61a07da9b49b6e22b2cbd7f9,jmeter_1489
13900001490,123456,d3b1294a61a07da9b49b6e22b2cbd7f9,jmeter_1490
13900001491,123456,d3b1294a61a07da9b49b6e22b2cbd7f9,jmeter_1491
13900001492,123456,d3b1294a61a07da9b49b6e22b2cbd7f9,jmeter_1492
13900001493,123456,d3b1294a61a07da9b49b6e22b2cbd7f9,jmeter_1493
13900001494,123456,d3b1294a61a07da9b49b6e22b2cbd7f9,jmeter_1494
13900001495,123456,d3b1294a61a07da9b49b6e22b2cbd7f9,jmeter_1495
13900001496,123456,d3b1294a61a07da9b49b6e22b2cbd7f9,jmeter_1496
13900001497,123456,d3b1294a61a07da9b49b6e22b2cbd7f9,jmeter_1497
13900001498,123456,d3b1294a61a07da9b49b6e22b2cbd7f9,jmeter_1498
13900001499,123456,d3b1294a61a07da9b49b6e22b2cbd7f9,jmeter_1499
13900001500,123456,d3b1294a61a07da9b49b6e22b2cbd7f9,jmeter_1500
13900001501,123456,d3b1294a61a07da9b49b6e22b2cbd7f9,jmeter_1501
13900001502,123456,d3b1294a61a07da9b49b6e22b2cbd7f9,jmeter_1502
13900001503,123456,d3b1294a61a07da9b49b6e22b2cbd7f9,jmeter_1503
13900001504,123456,d3b1294a61a07da9b49b6e22b2cbd7f9,jmeter_1504
13900001505,123456,d3b1294a61a07da9b49b6e22b2cbd7f9,jmeter_1505
13900001506,123456,d3b1294a61a07da9b49b6e22b2cbd7f9,jmeter_1506
13900001507,123456,d3b1294a61a07da9b49b6e22b2cbd7f9,jmeter_1507
13900001508,123456,d3b1294a61a07da9b49b6e22b2cbd7f9,jmeter_1508
13900001509,123456,d3b1294a61a07da9b49b6e22b2cbd7f9,jmeter_1509
13900001510,123456,d3b1294a61a07da9b49b6e22b2cbd7f9,jmeter_1510
13900001511,123456,d3b1294a61a07da9b49b6e22b2cbd7f9,jmeter_1511
13900001512,123456,d3b1294a61a07da9b49b6e22b2cbd7f9,jmeter_1512
13900001513,123456,d3b1294a61a07da9b49b6e22b2cbd7f9,jmeter_1513
13900001514,123456,d3b1294a61a07da9b49b6e22b2cbd7f9,jmeter_1514
13900001515,123456,d3b1294a61a07da9b49b6e22b2cbd7f9,jmeter_1515
13900001516,123456,d3b1294a61a07da9b49b6e22b2cbd7f9,jmeter_1516
13900001517,123456,d3b1294a61a07da9b49b6e22b2cbd7f9,jmeter_1517
13900001518,123456,d3b1294a61a07da9b49b6e22b2cbd7f9,jmeter_1518
13900001519,123456,d3b1294a61a07da9b49b6e22b2cbd7f9,jmeter_1519
13900001520,123456,d3b1294a61a07da9b49b6e22b2cbd7f9,jmeter_1520
13900001521,123456,d3b1294a61a07da9b49b6e22b2cbd7f9,jmeter_1521
13900001522,123456,d3b1294a61a07da9b49b6e22b2cbd7f9,jmeter_1522
13900001523,123456,d3b1294a61a07da9b49b6e22b2cbd7f9,jmeter_1523
13900001524,123456,d3b1294a61a07da9b49b6e22b2cbd7f9,jmeter_1524
13900001525,123456,d3b1294a61a07da9b49b6e22b2cbd7f9,jmeter_1525
13900001526,123456,d3b1294a61a07da9b49b6e22b2cbd7f9,jmeter_1526
13900001527,123456,d3b1294a61a07da9b49b6e22b2cbd7f9,jmeter_1527
13900001528,123456,d3b1294a61a07da9b49b6e22b2cbd7f9,jmeter_1528
13900001529,123456,d3b1294a61a07da9b49b6e22b2cbd7f9,jmeter_1529
13900001530,123456,d3b1294a61a07da9b49b6e22b2cbd7f9,jmeter_1530
13900001531,123456,d3b1294a61a07da9b49b6e22b2cbd7f9,jmeter_1531
13900001532,123456,d3b1294a61a07da9b49b6e22b2cbd7f9,jmeter_1532
13900001533,123456,d3b1294a61a07da9b49b6e22b2cbd7f9,jmeter_1533
13900001534,123456,d3b1294a61a07da9b49b6e22b2cbd7f9,jmeter_1534
13900001535,123456,d3b1294a61a07da9b49b6e22b2cbd7f9,jmeter_1535
13900001536,123456,d3b1294a61a07da9b49b6e22b2cbd7f9,jmeter_1536
13900001537,123456,d3b1294a61a07da9b49b6e22b2cbd7f9,jmeter_1537
13900001538,123456,d3b1294a61a07da9b49b6e22b2cbd7f9,jmeter_1538
13900001539,123456,d3b1294a61a07da9b49b6e22b2cbd7f9,jmeter_1539
13900001540,123456,d3b1294a61a07da9b49b6e22b2cbd7f9,jmeter_1540
13900001541,123456,d3b1294a61a07da9b49b6e22b2cbd7f9,jmeter_1541
13900001542,123456,d3b1294a61a07da9b49b6e22b2cbd7f9,jmeter_1542
13900001543,123456,d3b1294a61a07da9b49b6e22b2cbd7f9,jmeter_1543
13900001544,123456,d3b1294a61a07da9b49b6e22b2cbd7f9,jmeter_1544
13900001545,123456,d3b1294a61a07da9b49b6e22b2cbd7f9,jmeter_1545
13900001546,123456,d3b1294a61a07da9b49b6e22b2cbd7f9,jmeter_1546
13900001547,123456,d3b1294a61a07da9b49b6e22b2cbd7f9,jmeter_1547
13900001548,123456,d3b1294a61a07da9b49b6e22b2cbd7f9,jmeter_1548
13900001549,123456,d3b1294a61a07da9b49b6e22b2cbd7f9,jmeter_1549
13900001550,123456,d3b1294a61a07da9b49b6e22b2cbd7f9,jmeter_1550
13900001551,123456,d3b1294a61a07da9b49b6e22b2cbd7f9,jmeter_1551
13900001552,123456,d3b1294a61a07da9b49b6e22b2cbd7f9,jmeter_1552
13900001553,123456,d3b1294a61a07da9b49b6e22b2cbd7f9,jmeter_1553
13900001554,123456,d3b1294a61a07da9b49b6e22b2cbd7f9,jmeter_1554
13900001555,123456,d3b1294a61a07da9b49b6e22b2cbd7f9,jmeter_1555
13900001556,123456,d3b1294a61a07da9b49b6e22b2cbd7f9,jmeter_1556
13900001557,123456,d3b1294a61a07da9b49b6e22b2cbd7f9,jmeter_1557
13900001558,123456,d3b1294a61a07da9b49b6e22b2cbd7f9,jmeter_1558
13900001559,123456,d3b1294a61a07da9b49b6e22b2cbd7f9,jmeter_1559
13900001560,123456,d3b1294a61a07da9b49b6e22b2cbd7f9,jmeter_1560
13900001561,123456,d3b1294a61a07da9b49b6e22b2cbd7f9,jmeter_1561
13900001562,123456,d3b1294a61a07da9b49b6e22b2cbd7f9,jmeter_1562
13900001563,123456,d3b1294a61a07da9b49b6e22b2cbd7f9,jmeter_1563
13900001564,123456,d3b1294a61a07da9b49b6e22b2cbd7f9,jmeter_1564
13900001565,123456,d3b1294a61a07da9b49b6e22b2cbd7f9,jmeter_1565
13900001566,123456,d3b1294a61a07da9b49b6e22b2cbd7f9,jmeter_1566
13900001567,123456,d3b1294a61a07da9b49b6e22b2cbd7f9,jmeter_1567
13900001568,123456,d3b1294a61a07da9b49b6e22b2cbd7f9,jmeter_1568
13900001569,123456,d3b1294a61a07da9b49b6e22b2cbd7f9,jmeter_1569
13900001570,123456,d3b1294a61a07da9b49b6e22b2cbd7f9,jmeter_1570
13900001571,123456,d3b1294a61a07da9b49b6e22b2cbd7f9,jmeter_1571
13900001572,123456,d3b1294a61a07da9b49b6e22b2cbd7f9,jmeter_1572
13900001573,123456,d3b1294a61a07da9b49b6e22b2cbd7f9,jmeter_1573
13900001574,123456,d3b1294a61a07da9b49b6e22b2cbd7f9,jmeter_1574
13900001575,123456,d3b1294a61a07da9b49b6e22b2cbd7f9,jmeter_1575
13900001576,123456,d3b1294a61a07da9b49b6e22b2cbd7f9,jmeter_1576
13900001577,123456,d3b1294a61a07da9b49b6e22b2cbd7f9,jmeter_1577
13900001578,123456,d3b1294a61a07da9b49b6e22b2cbd7f9,jmeter_1578
13900001579,123456,d3b1294a61a07da9b49b6e22b2cbd7f9,jmeter_1579
13900001580,123456,d3b1294a61a07da9b49b6e22b2cbd7f9,jmeter_1580
13900001581,123456,d3b1294a61a07da9b49b6e22b2cbd7f9,jmeter_1581
13900001582,123456,d3b1294a61a07da9b49b6e22b2cbd7f9,jmeter_1582
13900001583,123456,d3b1294a61a07da9b49b6e22b2cbd7f9,jmeter_1583
13900001584,123456,d3b1294a61a07da9b49b6e22b2cbd7f9,jmeter_1584
13900001585,123456,d3b1294a61a07da9b49b6e22b2cbd7f9,jmeter_1585
13900001586,123456,d3b1294a61a07da9b49b6e22b2cbd7f9,jmeter_1586
13900001587,123456,d3b1294a61a07da9b49b6e22b2cbd7f9,jmeter_1587
13900001588,123456,d3b1294a61a07da9b49b6e22b2cbd7f9,jmeter_1588
13900001589,123456,d3b1294a61a07da9b49b6e22b2cbd7f9,jmeter_1589
13900001590,123456,d3b1294a61a07da9b49b6e22b2cbd7f9,jmeter_1590
13900001591,123456,d3b1294a61a07da9b49b6e22b2cbd7f9,jmeter_1591
13900001592,123456,d3b1294a61a07da9b49b6e22b2cbd7f9,jmeter_1592
13900001593,123456,d3b1294a61a07da9b49b6e22b2cbd7f9,jmeter_1593
13900001594,123456,d3b1294a61a07da9b49b6e22b2cbd7f9,jmeter_1594
13900001595,123456,d3b1294a61a07da9b49b6e22b2cbd7f9,jmeter_1595
13900001596,123456,d3b1294a61a07da9b49b6e22b2cbd7f9,jmeter_1596
13900001597,123456,d3b1294a61a07da9b49b6e22b2cbd7f9,jmeter_1597
13900001598,123456,d3b1294a61a07da9b49b6e22b2cbd7f9,jmeter_1598
13900001599,123456,d3b1294a61a07da9b49b6e22b2cbd7f9,jmeter_1599
13900001600,123456,d3b1294a61a07da9b49b6e22b2cbd7f9,jmeter_1600
13900001601,123456,d3b1294a61a07da9b49b6e22b2cbd7f9,jmeter_1601
13900001602,123456,d3b1294a61a07da9b49b6e22b2cbd7f9,jmeter_1602
13900001603,123456,d3b1294a61a07da9b49b6e22b2cbd7f9,jmeter_1603
13900001604,123456,d3b1294a61a07da9b49b6e22b2cbd7f9,jmeter_1604
13900001605,123456,d3b1294a61a07da9b49b6e22b2cbd7f9,jmeter_1605
13900001606,123456,d3b1294a61a07da9b49b6e22b2cbd7f9,jmeter_1606
13900001607,123456,d3b1294a61a07da9b49b6e22b2cbd7f9,jmeter_1607
13900001608,123456,d3b1294a61a07da9b49b6e22b2cbd7f9,jmeter_1608
13900001609,123456,d3b1294a61a07da9b49b6e22b2cbd7f9,jmeter_1609
13900001610,123456,d3b1294a61a07da9b49b6e22b2cbd7f9,jmeter_1610
13900001611,123456,d3b1294a61a07da9b49b6e22b2cbd7f9,jmeter_1611
13900001612,123456,d3b1294a61a07da9b49b6e22b2cbd7f9,jmeter_1612
13900001613,123456,d3b1294a61a07da9b49b6e22b2cbd7f9,jmeter_1613
13900001614,123456,d3b1294a61a07da9b49b6e22b2cbd7f9,jmeter_1614
13900001615,123456,d3b1294a61a07da9b49b6e22b2cbd7f9,jmeter_1615
13900001616,123456,d3b1294a61a07da9b49b6e22b2cbd7f9,jmeter_1616
13900001617,123456,d3b1294a61a07da9b49b6e22b2cbd7f9,jmeter_1617
13900001618,123456,d3b1294a61a07da9b49b6e22b2cbd7f9,jmeter_1618
13900001619,123456,d3b1294a61a07da9b49b6e22b2cbd7f9,jmeter_1619
13900001620,123456,d3b1294a61a07da9b49b6e22b2cbd7f9,jmeter_1620
13900001621,123456,d3b1294a61a07da9b49b6e22b2cbd7f9,jmeter_1621
13900001622,123456,d3b1294a61a07da9b49b6e22b2cbd7f9,jmeter_1622
13900001623,123456,d3b1294a61a07da9b49b6e22b2cbd7f9,jmeter_1623
13900001624,123456,d3b1294a61a07da9b49b6e22b2cbd7f9,jmeter_1624
13900001625,123456,d3b1294a61a07da9b49b6e22b2cbd7f9,jmeter_1625
13900001626,123456,d3b1294a61a07da9b49b6e22b2cbd7f9,jmeter_1626
13900001627,123456,d3b1294a61a07da9b49b6e22b2cbd7f9,jmeter_1627
13900001628,123456,d3b1294a61a07da9b49b6e22b2cbd7f9,jmeter_1628
13900001629,123456,d3b1294a61a07da9b49b6e22b2cbd7f9,jmeter_1629
13900001630,123456,d3b1294a61a07da9b49b6e22b2cbd7f9,jmeter_1630
13900001631,123456,d3b1294a61a07da9b49b6e22b2cbd7f9,jmeter_1631
13900001632,123456,d3b1294a61a07da9b49b6e22b2cbd7f9,jmeter_1632
13900001633,123456,d3b1294a61a07da9b49b6e22b2cbd7f9,jmeter_1633
13900001634,123456,d3b1294a61a07da9b49b6e22b2cbd7f9,jmeter_1634
13900001635,123456,d3b1294a61a07da9b49b6e22b2cbd7f9,jmeter_1635
13900001636,123456,d3b1294a61a07da9b49b6e22b2cbd7f9,jmeter_1636
13900001637,123456,d3b1294a61a07da9b49b6e22b2cbd7f9,jmeter_1637
13900001638,123456,d3b1294a61a07da9b49b6e22b2cbd7f9,jmeter_1638
13900001639,123456,d3b1294a61a07da9b49b6e22b2cbd7f9,jmeter_1639
13900001640,123456,d3b1294a61a07da9b49b6e22b2cbd7f9,jmeter_1640
13900001641,123456,d3b1294a61a07da9b49b6e22b2cbd7f9,jmeter_1641
13900001642,123456,d3b1294a61a07da9b49b6e22b2cbd7f9,jmeter_1642
13900001643,123456,d3b1294a61a07da9b49b6e22b2cbd7f9,jmeter_1643
13900001644,123456,d3b1294a61a07da9b49b6e22b2cbd7f9,jmeter_1644
13900001645,123456,d3b1294a61a07da9b49b6e22b2cbd7f9,jmeter_1645
13900001646,123456,d3b1294a61a07da9b49b6e22b2cbd7f9,jmeter_1646
13900001647,123456,d3b1294a61a07da9b49b6e22b2cbd7f9,jmeter_1647
13900001648,123456,d3b1294a61a07da9b49b6e22b2cbd7f9,jmeter_1648
13900001649,123456,d3b1294a61a07da9b49b6e22b2cbd7f9,jmeter_1649
13900001650,123456,d3b1294a61a07da9b49b6e22b2cbd7f9,jmeter_1650
13900001651,123456,d3b1294a61a07da9b49b6e22b2cbd7f9,jmeter_1651
13900001652,123456,d3b1294a61a07da9b49b6e22b2cbd7f9,jmeter_1652
13900001653,123456,d3b1294a61a07da9b49b6e22b2cbd7f9,jmeter_1653
13900001654,123456,d3b1294a61a07da9b49b6e22b2cbd7f9,jmeter_1654
13900001655,123456,d3b1294a61a07da9b49b6e22b2cbd7f9,jmeter_1655
13900001656,123456,d3b1294a61a07da9b49b6e22b2cbd7f9,jmeter_1656
13900001657,123456,d3b1294a61a07da9b49b6e22b2cbd7f9,jmeter_1657
13900001658,123456,d3b1294a61a07da9b49b6e22b2cbd7f9,jmeter_1658
13900001659,123456,d3b1294a61a07da9b49b6e22b2cbd7f9,jmeter_1659
13900001660,123456,d3b1294a61a07da9b49b6e22b2cbd7f9,jmeter_1660
13900001661,123456,d3b1294a61a07da9b49b6e22b2cbd7f9,jmeter_1661
13900001662,123456,d3b1294a61a07da9b49b6e22b2cbd7f9,jmeter_1662
13900001663,123456,d3b1294a61a07da9b49b6e22b2cbd7f9,jmeter_1663
13900001664,123456,d3b1294a61a07da9b49b6e22b2cbd7f9,jmeter_1664
13900001665,123456,d3b1294a61a07da9b49b6e22b2cbd7f9,jmeter_1665
13900001666,123456,d3b1294a61a07da9b49b6e22b2cbd7f9,jmeter_1666
13900001667,123456,d3b1294a61a07da9b49b6e22b2cbd7f9,jmeter_1667
13900001668,123456,d3b1294a61a07da9b49b6e22b2cbd7f9,jmeter_1668
13900001669,123456,d3b1294a61a07da9b49b6e22b2cbd7f9,jmeter_1669
13900001670,123456,d3b1294a61a07da9b49b6e22b2cbd7f9,jmeter_1670
13900001671,123456,d3b1294a61a07da9b49b6e22b2cbd7f9,jmeter_1671
13900001672,123456,d3b1294a61a07da9b49b6e22b2cbd7f9,jmeter_1672
13900001673,123456,d3b1294a61a07da9b49b6e22b2cbd7f9,jmeter_1673
13900001674,123456,d3b1294a61a07da9b49b6e22b2cbd7f9,jmeter_1674
13900001675,123456,d3b1294a61a07da9b49b6e22b2cbd7f9,jmeter_1675
13900001676,123456,d3b1294a61a07da9b49b6e22b2cbd7f9,jmeter_1676
13900001677,123456,d3b1294a61a07da9b49b6e22b2cbd7f9,jmeter_1677
13900001678,123456,d3b1294a61a07da9b49b6e22b2cbd7f9,jmeter_1678
13900001679,123456,d3b1294a61a07da9b49b6e22b2cbd7f9,jmeter_1679
13900001680,123456,d3b1294a61a07da9b49b6e22b2cbd7f9,jmeter_1680
13900001681,123456,d3b1294a61a07da9b49b6e22b2cbd7f9,jmeter_1681
13900001682,123456,d3b1294a61a07da9b49b6e22b2cbd7f9,jmeter_1682
13900001683,123456,d3b1294a61a07da9b49b6e22b2cbd7f9,jmeter_1683
13900001684,123456,d3b1294a61a07da9b49b6e22b2cbd7f9,jmeter_1684
13900001685,123456,d3b1294a61a07da9b49b6e22b2cbd7f9,jmeter_1685
13900001686,123456,d3b1294a61a07da9b49b6e22b2cbd7f9,jmeter_1686
13900001687,123456,d3b1294a61a07da9b49b6e22b2cbd7f9,jmeter_1687
13900001688,123456,d3b1294a61a07da9b49b6e22b2cbd7f9,jmeter_1688
13900001689,123456,d3b1294a61a07da9b49b6e22b2cbd7f9,jmeter_1689
13900001690,123456,d3b1294a61a07da9b49b6e22b2cbd7f9,jmeter_1690
13900001691,123456,d3b1294a61a07da9b49b6e22b2cbd7f9,jmeter_1691
13900001692,123456,d3b1294a61a07da9b49b6e22b2cbd7f9,jmeter_1692
13900001693,123456,d3b1294a61a07da9b49b6e22b2cbd7f9,jmeter_1693
13900001694,123456,d3b1294a61a07da9b49b6e22b2cbd7f9,jmeter_1694
13900001695,123456,d3b1294a61a07da9b49b6e22b2cbd7f9,jmeter_1695
13900001696,123456,d3b1294a61a07da9b49b6e22b2cbd7f9,jmeter_1696
13900001697,123456,d3b1294a61a07da9b49b6e22b2cbd7f9,jmeter_1697
13900001698,123456,d3b1294a61a07da9b49b6e22b2cbd7f9,jmeter_1698
13900001699,123456,d3b1294a61a07da9b49b6e22b2cbd7f9,jmeter_1699
13900001700,123456,d3b1294a61a07da9b49b6e22b2cbd7f9,jmeter_1700
13900001701,123456,d3b1294a61a07da9b49b6e22b2cbd7f9,jmeter_1701
13900001702,123456,d3b1294a61a07da9b49b6e22b2cbd7f9,jmeter_1702
13900001703,123456,d3b1294a61a07da9b49b6e22b2cbd7f9,jmeter_1703
13900001704,123456,d3b1294a61a07da9b49b6e22b2cbd7f9,jmeter_1704
13900001705,123456,d3b1294a61a07da9b49b6e22b2cbd7f9,jmeter_1705
13900001706,123456,d3b1294a61a07da9b49b6e22b2cbd7f9,jmeter_1706
13900001707,123456,d3b1294a61a07da9b49b6e22b2cbd7f9,jmeter_1707
13900001708,123456,d3b1294a61a07da9b49b6e22b2cbd7f9,jmeter_1708
13900001709,123456,d3b1294a61a07da9b49b6e22b2cbd7f9,jmeter_1709
13900001710,123456,d3b1294a61a07da9b49b6e22b2cbd7f9,jmeter_1710
13900001711,123456,d3b1294a61a07da9b49b6e22b2cbd7f9,jmeter_1711
13900001712,123456,d3b1294a61a07da9b49b6e22b2cbd7f9,jmeter_1712
13900001713,123456,d3b1294a61a07da9b49b6e22b2cbd7f9,jmeter_1713
13900001714,123456,d3b1294a61a07da9b49b6e22b2cbd7f9,jmeter_1714
13900001715,123456,d3b1294a61a07da9b49b6e22b2cbd7f9,jmeter_1715
13900001716,123456,d3b1294a61a07da9b49b6e22b2cbd7f9,jmeter_1716
13900001717,123456,d3b1294a61a07da9b49b6e22b2cbd7f9,jmeter_1717
13900001718,123456,d3b1294a61a07da9b49b6e22b2cbd7f9,jmeter_1718
13900001719,123456,d3b1294a61a07da9b49b6e22b2cbd7f9,jmeter_1719
13900001720,123456,d3b1294a61a07da9b49b6e22b2cbd7f9,jmeter_1720
13900001721,123456,d3b1294a61a07da9b49b6e22b2cbd7f9,jmeter_1721
13900001722,123456,d3b1294a61a07da9b49b6e22b2cbd7f9,jmeter_1722
13900001723,123456,d3b1294a61a07da9b49b6e22b2cbd7f9,jmeter_1723
13900001724,123456,d3b1294a61a07da9b49b6e22b2cbd7f9,jmeter_1724
13900001725,123456,d3b1294a61a07da9b49b6e22b2cbd7f9,jmeter_1725
13900001726,123456,d3b1294a61a07da9b49b6e22b2cbd7f9,jmeter_1726
13900001727,123456,d3b1294a61a07da9b49b6e22b2cbd7f9,jmeter_1727
13900001728,123456,d3b1294a61a07da9b49b6e22b2cbd7f9,jmeter_1728
13900001729,123456,d3b1294a61a07da9b49b6e22b2cbd7f9,jmeter_1729
13900001730,123456,d3b1294a61a07da9b49b6e22b2cbd7f9,jmeter_1730
13900001731,123456,d3b1294a61a07da9b49b6e22b2cbd7f9,jmeter_1731
13900001732,123456,d3b1294a61a07da9b49b6e22b2cbd7f9,jmeter_1732
13900001733,123456,d3b1294a61a07da9b49b6e22b2cbd7f9,jmeter_1733
13900001734,123456,d3b1294a61a07da9b49b6e22b2cbd7f9,jmeter_1734
13900001735,123456,d3b1294a61a07da9b49b6e22b2cbd7f9,jmeter_1735
13900001736,123456,d3b1294a61a07da9b49b6e22b2cbd7f9,jmeter_1736
13900001737,123456,d3b1294a61a07da9b49b6e22b2cbd7f9,jmeter_1737
13900001738,123456,d3b1294a61a07da9b49b6e22b2cbd7f9,jmeter_1738
13900001739,123456,d3b1294a61a07da9b49b6e22b2cbd7f9,jmeter_1739
13900001740,123456,d3b1294a61a07da9b49b6e22b2cbd7f9,jmeter_1740
13900001741,123456,d3b1294a61a07da9b49b6e22b2cbd7f9,jmeter_1741
13900001742,123456,d3b1294a61a07da9b49b6e22b2cbd7f9,jmeter_1742
13900001743,123456,d3b1294a61a07da9b49b6e22b2cbd7f9,jmeter_1743
13900001744,123456,d3b1294a61a07da9b49b6e22b2cbd7f9,jmeter_1744
13900001745,123456,d3b1294a61a07da9b49b6e22b2cbd7f9,jmeter_1745
13900001746,123456,d3b1294a61a07da9b49b6e22b2cbd7f9,jmeter_1746
13900001747,123456,d3b1294a61a07da9b49b6e22b2cbd7f9,jmeter_1747
13900001748,123456,d3b1294a61a07da9b49b6e22b2cbd7f9,jmeter_1748
13900001749,123456,d3b1294a61a07da9b49b6e22b2cbd7f9,jmeter_1749
13900001750,123456,d3b1294a61a07da9b49b6e22b2cbd7f9,jmeter_1750
13900001751,123456,d3b1294a61a07da9b49b6e22b2cbd7f9,jmeter_1751
13900001752,123456,d3b1294a61a07da9b49b6e22b2cbd7f9,jmeter_1752
13900001753,123456,d3b1294a61a07da9b49b6e22b2cbd7f9,jmeter_1753
13900001754,123456,d3b1294a61a07da9b49b6e22b2cbd7f9,jmeter_1754
13900001755,123456,d3b1294a61a07da9b49b6e22b2cbd7f9,jmeter_1755
13900001756,123456,d3b1294a61a07da9b49b6e22b2cbd7f9,jmeter_1756
13900001757,123456,d3b1294a61a07da9b49b6e22b2cbd7f9,jmeter_1757
13900001758,123456,d3b1294a61a07da9b49b6e22b2cbd7f9,jmeter_1758
13900001759,123456,d3b1294a61a07da9b49b6e22b2cbd7f9,jmeter_1759
13900001760,123456,d3b1294a61a07da9b49b6e22b2cbd7f9,jmeter_1760
13900001761,123456,d3b1294a61a07da9b49b6e22b2cbd7f9,jmeter_1761
13900001762,123456,d3b1294a61a07da9b49b6e22b2cbd7f9,jmeter_1762
13900001763,123456,d3b1294a61a07da9b49b6e22b2cbd7f9,jmeter_1763
13900001764,123456,d3b1294a61a07da9b49b6e22b2cbd7f9,jmeter_1764
13900001765,123456,d3b1294a61a07da9b49b6e22b2cbd7f9,jmeter_1765
13900001766,123456,d3b1294a61a07da9b49b6e22b2cbd7f9,jmeter_1766
13900001767,123456,d3b1294a61a07da9b49b6e22b2cbd7f9,jmeter_1767
13900001768,123456,d3b1294a61a07da9b49b6e22b2cbd7f9,jmeter_1768
13900001769,123456,d3b1294a61a07da9b49b6e22b2cbd7f9,jmeter_1769
13900001770,123456,d3b1294a61a07da9b49b6e22b2cbd7f9,jmeter_1770
13900001771,123456,d3b1294a61a07da9b49b6e22b2cbd7f9,jmeter_1771
13900001772,123456,d3b1294a61a07da9b49b6e22b2cbd7f9,jmeter_1772
13900001773,123456,d3b1294a61a07da9b49b6e22b2cbd7f9,jmeter_1773
13900001774,123456,d3b1294a61a07da9b49b6e22b2cbd7f9,jmeter_1774
13900001775,123456,d3b1294a61a07da9b49b6e22b2cbd7f9,jmeter_1775
13900001776,123456,d3b1294a61a07da9b49b6e22b2cbd7f9,jmeter_1776
13900001777,123456,d3b1294a61a07da9b49b6e22b2cbd7f9,jmeter_1777
13900001778,123456,d3b1294a61a07da9b49b6e22b2cbd7f9,jmeter_1778
13900001779,123456,d3b1294a61a07da9b49b6e22b2cbd7f9,jmeter_1779
13900001780,123456,d3b1294a61a07da9b49b6e22b2cbd7f9,jmeter_1780
13900001781,123456,d3b1294a61a07da9b49b6e22b2cbd7f9,jmeter_1781
13900001782,123456,d3b1294a61a07da9b49b6e22b2cbd7f9,jmeter_1782
13900001783,123456,d3b1294a61a07da9b49b6e22b2cbd7f9,jmeter_1783
13900001784,123456,d3b1294a61a07da9b49b6e22b2cbd7f9,jmeter_1784
13900001785,123456,d3b1294a61a07da9b49b6e22b2cbd7f9,jmeter_1785
13900001786,123456,d3b1294a61a07da9b49b6e22b2cbd7f9,jmeter_1786
13900001787,123456,d3b1294a61a07da9b49b6e22b2cbd7f9,jmeter_1787
13900001788,123456,d3b1294a61a07da9b49b6e22b2cbd7f9,jmeter_1788
13900001789,123456,d3b1294a61a07da9b49b6e22b2cbd7f9,jmeter_1789
13900001790,123456,d3b1294a61a07da9b49b6e22b2cbd7f9,jmeter_1790
13900001791,123456,d3b1294a61a07da9b49b6e22b2cbd7f9,jmeter_1791
13900001792,123456,d3b1294a61a07da9b49b6e22b2cbd7f9,jmeter_1792
13900001793,123456,d3b1294a61a07da9b49b6e22b2cbd7f9,jmeter_1793
13900001794,123456,d3b1294a61a07da9b49b6e22b2cbd7f9,jmeter_1794
13900001795,123456,d3b1294a61a07da9b49b6e22b2cbd7f9,jmeter_1795
13900001796,123456,d3b1294a61a07da9b49b6e22b2cbd7f9,jmeter_1796
13900001797,123456,d3b1294a61a07da9b49b6e22b2cbd7f9,jmeter_1797
13900001798,123456,d3b1294a61a07da9b49b6e22b2cbd7f9,jmeter_1798
13900001799,123456,d3b1294a61a07da9b49b6e22b2cbd7f9,jmeter_1799
13900001800,123456,d3b1294a61a07da9b49b6e22b2cbd7f9,jmeter_1800
13900001801,123456,d3b1294a61a07da9b49b6e22b2cbd7f9,jmeter_1801
13900001802,123456,d3b1294a61a07da9b49b6e22b2cbd7f9,jmeter_1802
13900001803,123456,d3b1294a61a07da9b49b6e22b2cbd7f9,jmeter_1803
13900001804,123456,d3b1294a61a07da9b49b6e22b2cbd7f9,jmeter_1804
13900001805,123456,d3b1294a61a07da9b49b6e22b2cbd7f9,jmeter_1805
13900001806,123456,d3b1294a61a07da9b49b6e22b2cbd7f9,jmeter_1806
13900001807,123456,d3b1294a61a07da9b49b6e22b2cbd7f9,jmeter_1807
13900001808,123456,d3b1294a61a07da9b49b6e22b2cbd7f9,jmeter_1808
13900001809,123456,d3b1294a61a07da9b49b6e22b2cbd7f9,jmeter_1809
13900001810,123456,d3b1294a61a07da9b49b6e22b2cbd7f9,jmeter_1810
13900001811,123456,d3b1294a61a07da9b49b6e22b2cbd7f9,jmeter_1811
13900001812,123456,d3b1294a61a07da9b49b6e22b2cbd7f9,jmeter_1812
13900001813,123456,d3b1294a61a07da9b49b6e22b2cbd7f9,jmeter_1813
13900001814,123456,d3b1294a61a07da9b49b6e22b2cbd7f9,jmeter_1814
13900001815,123456,d3b1294a61a07da9b49b6e22b2cbd7f9,jmeter_1815
13900001816,123456,d3b1294a61a07da9b49b6e22b2cbd7f9,jmeter_1816
13900001817,123456,d3b1294a61a07da9b49b6e22b2cbd7f9,jmeter_1817
13900001818,123456,d3b1294a61a07da9b49b6e22b2cbd7f9,jmeter_1818
13900001819,123456,d3b1294a61a07da9b49b6e22b2cbd7f9,jmeter_1819
13900001820,123456,d3b1294a61a07da9b49b6e22b2cbd7f9,jmeter_1820
13900001821,123456,d3b1294a61a07da9b49b6e22b2cbd7f9,jmeter_1821
13900001822,123456,d3b1294a61a07da9b49b6e22b2cbd7f9,jmeter_1822
13900001823,123456,d3b1294a61a07da9b49b6e22b2cbd7f9,jmeter_1823
13900001824,123456,d3b1294a61a07da9b49b6e22b2cbd7f9,jmeter_1824
13900001825,123456,d3b1294a61a07da9b49b6e22b2cbd7f9,jmeter_1825
13900001826,123456,d3b1294a61a07da9b49b6e22b2cbd7f9,jmeter_1826
13900001827,123456,d3b1294a61a07da9b49b6e22b2cbd7f9,jmeter_1827
13900001828,123456,d3b1294a61a07da9b49b6e22b2cbd7f9,jmeter_1828
13900001829,123456,d3b1294a61a07da9b49b6e22b2cbd7f9,jmeter_1829
13900001830,123456,d3b1294a61a07da9b49b6e22b2cbd7f9,jmeter_1830
13900001831,123456,d3b1294a61a07da9b49b6e22b2cbd7f9,jmeter_1831
13900001832,123456,d3b1294a61a07da9b49b6e22b2cbd7f9,jmeter_1832
13900001833,123456,d3b1294a61a07da9b49b6e22b2cbd7f9,jmeter_1833
13900001834,123456,d3b1294a61a07da9b49b6e22b2cbd7f9,jmeter_1834
13900001835,123456,d3b1294a61a07da9b49b6e22b2cbd7f9,jmeter_1835
13900001836,123456,d3b1294a61a07da9b49b6e22b2cbd7f9,jmeter_1836
13900001837,123456,d3b1294a61a07da9b49b6e22b2cbd7f9,jmeter_1837
13900001838,123456,d3b1294a61a07da9b49b6e22b2cbd7f9,jmeter_1838
13900001839,123456,d3b1294a61a07da9b49b6e22b2cbd7f9,jmeter_1839
13900001840,123456,d3b1294a61a07da9b49b6e22b2cbd7f9,jmeter_1840
13900001841,123456,d3b1294a61a07da9b49b6e22b2cbd7f9,jmeter_1841
13900001842,123456,d3b1294a61a07da9b49b6e22b2cbd7f9,jmeter_1842
13900001843,123456,d3b1294a61a07da9b49b6e22b2cbd7f9,jmeter_1843
13900001844,123456,d3b1294a61a07da9b49b6e22b2cbd7f9,jmeter_1844
13900001845,123456,d3b1294a61a07da9b49b6e22b2cbd7f9,jmeter_1845
13900001846,123456,d3b1294a61a07da9b49b6e22b2cbd7f9,jmeter_1846
13900001847,123456,d3b1294a61a07da9b49b6e22b2cbd7f9,jmeter_1847
13900001848,123456,d3b1294a61a07da9b49b6e22b2cbd7f9,jmeter_1848
13900001849,123456,d3b1294a61a07da9b49b6e22b2cbd7f9,jmeter_1849
13900001850,123456,d3b1294a61a07da9b49b6e22b2cbd7f9,jmeter_1850
13900001851,123456,d3b1294a61a07da9b49b6e22b2cbd7f9,jmeter_1851
13900001852,123456,d3b1294a61a07da9b49b6e22b2cbd7f9,jmeter_1852
13900001853,123456,d3b1294a61a07da9b49b6e22b2cbd7f9,jmeter_1853
13900001854,123456,d3b1294a61a07da9b49b6e22b2cbd7f9,jmeter_1854
13900001855,123456,d3b1294a61a07da9b49b6e22b2cbd7f9,jmeter_1855
13900001856,123456,d3b1294a61a07da9b49b6e22b2cbd7f9,jmeter_1856
13900001857,123456,d3b1294a61a07da9b49b6e22b2cbd7f9,jmeter_1857
13900001858,123456,d3b1294a61a07da9b49b6e22b2cbd7f9,jmeter_1858
13900001859,123456,d3b1294a61a07da9b49b6e22b2cbd7f9,jmeter_1859
13900001860,123456,d3b1294a61a07da9b49b6e22b2cbd7f9,jmeter_1860
13900001861,123456,d3b1294a61a07da9b49b6e22b2cbd7f9,jmeter_1861
13900001862,123456,d3b1294a61a07da9b49b6e22b2cbd7f9,jmeter_1862
13900001863,123456,d3b1294a61a07da9b49b6e22b2cbd7f9,jmeter_1863
13900001864,123456,d3b1294a61a07da9b49b6e22b2cbd7f9,jmeter_1864
13900001865,123456,d3b1294a61a07da9b49b6e22b2cbd7f9,jmeter_1865
13900001866,123456,d3b1294a61a07da9b49b6e22b2cbd7f9,jmeter_1866
13900001867,123456,d3b1294a61a07da9b49b6e22b2cbd7f9,jmeter_1867
13900001868,123456,d3b1294a61a07da9b49b6e22b2cbd7f9,jmeter_1868
13900001869,123456,d3b1294a61a07da9b49b6e22b2cbd7f9,jmeter_1869
13900001870,123456,d3b1294a61a07da9b49b6e22b2cbd7f9,jmeter_1870
13900001871,123456,d3b1294a61a07da9b49b6e22b2cbd7f9,jmeter_1871
13900001872,123456,d3b1294a61a07da9b49b6e22b2cbd7f9,jmeter_1872
13900001873,123456,d3b1294a61a07da9b49b6e22b2cbd7f9,jmeter_1873
13900001874,123456,d3b1294a61a07da9b49b6e22b2cbd7f9,jmeter_1874
13900001875,123456,d3b1294a61a07da9b49b6e22b2cbd7f9,jmeter_1875
13900001876,123456,d3b1294a61a07da9b49b6e22b2cbd7f9,jmeter_1876
13900001877,123456,d3b1294a61a07da9b49b6e22b2cbd7f9,jmeter_1877
13900001878,123456,d3b1294a61a07da9b49b6e22b2cbd7f9,jmeter_1878
13900001879,123456,d3b1294a61a07da9b49b6e22b2cbd7f9,jmeter_1879
13900001880,123456,d3b1294a61a07da9b49b6e22b2cbd7f9,jmeter_1880
13900001881,123456,d3b1294a61a07da9b49b6e22b2cbd7f9,jmeter_1881
13900001882,123456,d3b1294a61a07da9b49b6e22b2cbd7f9,jmeter_1882
13900001883,123456,d3b1294a61a07da9b49b6e22b2cbd7f9,jmeter_1883
13900001884,123456,d3b1294a61a07da9b49b6e22b2cbd7f9,jmeter_1884
13900001885,123456,d3b1294a61a07da9b49b6e22b2cbd7f9,jmeter_1885
13900001886,123456,d3b1294a61a07da9b49b6e22b2cbd7f9,jmeter_1886
13900001887,123456,d3b1294a61a07da9b49b6e22b2cbd7f9,jmeter_1887
13900001888,123456,d3b1294a61a07da9b49b6e22b2cbd7f9,jmeter_1888
13900001889,123456,d3b1294a61a07da9b49b6e22b2cbd7f9,jmeter_1889
13900001890,123456,d3b1294a61a07da9b49b6e22b2cbd7f9,jmeter_1890
13900001891,123456,d3b1294a61a07da9b49b6e22b2cbd7f9,jmeter_1891
13900001892,123456,d3b1294a61a07da9b49b6e22b2cbd7f9,jmeter_1892
13900001893,123456,d3b1294a61a07da9b49b6e22b2cbd7f9,jmeter_1893
13900001894,123456,d3b1294a61a07da9b49b6e22b2cbd7f9,jmeter_1894
13900001895,123456,d3b1294a61a07da9b49b6e22b2cbd7f9,jmeter_1895
13900001896,123456,d3b1294a61a07da9b49b6e22b2cbd7f9,jmeter_1896
13900001897,123456,d3b1294a61a07da9b49b6e22b2cbd7f9,jmeter_1897
13900001898,123456,d3b1294a61a07da9b49b6e22b2cbd7f9,jmeter_1898
13900001899,123456,d3b1294a61a07da9b49b6e22b2cbd7f9,jmeter_1899
13900001900,123456,d3b1294a61a07da9b49b6e22b2cbd7f9,jmeter_1900
13900001901,123456,d3b1294a61a07da9b49b6e22b2cbd7f9,jmeter_1901
13900001902,123456,d3b1294a61a07da9b49b6e22b2cbd7f9,jmeter_1902
13900001903,123456,d3b1294a61a07da9b49b6e22b2cbd7f9,jmeter_1903
13900001904,123456,d3b1294a61a07da9b49b6e22b2cbd7f9,jmeter_1904
13900001905,123456,d3b1294a61a07da9b49b6e22b2cbd7f9,jmeter_1905
13900001906,123456,d3b1294a61a07da9b49b6e22b2cbd7f9,jmeter_1906
13900001907,123456,d3b1294a61a07da9b49b6e22b2cbd7f9,jmeter_1907
13900001908,123456,d3b1294a61a07da9b49b6e22b2cbd7f9,jmeter_1908
13900001909,123456,d3b1294a61a07da9b49b6e22b2cbd7f9,jmeter_1909
13900001910,123456,d3b1294a61a07da9b49b6e22b2cbd7f9,jmeter_1910
13900001911,123456,d3b1294a61a07da9b49b6e22b2cbd7f9,jmeter_1911
13900001912,123456,d3b1294a61a07da9b49b6e22b2cbd7f9,jmeter_1912
13900001913,123456,d3b1294a61a07da9b49b6e22b2cbd7f9,jmeter_1913
13900001914,123456,d3b1294a61a07da9b49b6e22b2cbd7f9,jmeter_1914
13900001915,123456,d3b1294a61a07da9b49b6e22b2cbd7f9,jmeter_1915
13900001916,123456,d3b1294a61a07da9b49b6e22b2cbd7f9,jmeter_1916
13900001917,123456,d3b1294a61a07da9b49b6e22b2cbd7f9,jmeter_1917
13900001918,123456,d3b1294a61a07da9b49b6e22b2cbd7f9,jmeter_1918
13900001919,123456,d3b1294a61a07da9b49b6e22b2cbd7f9,jmeter_1919
13900001920,123456,d3b1294a61a07da9b49b6e22b2cbd7f9,jmeter_1920
13900001921,123456,d3b1294a61a07da9b49b6e22b2cbd7f9,jmeter_1921
13900001922,123456,d3b1294a61a07da9b49b6e22b2cbd7f9,jmeter_1922
13900001923,123456,d3b1294a61a07da9b49b6e22b2cbd7f9,jmeter_1923
13900001924,123456,d3b1294a61a07da9b49b6e22b2cbd7f9,jmeter_1924
13900001925,123456,d3b1294a61a07da9b49b6e22b2cbd7f9,jmeter_1925
13900001926,123456,d3b1294a61a07da9b49b6e22b2cbd7f9,jmeter_1926
13900001927,123456,d3b1294a61a07da9b49b6e22b2cbd7f9,jmeter_1927
13900001928,123456,d3b1294a61a07da9b49b6e22b2cbd7f9,jmeter_1928
13900001929,123456,d3b1294a61a07da9b49b6e22b2cbd7f9,jmeter_1929
13900001930,123456,d3b1294a61a07da9b49b6e22b2cbd7f9,jmeter_1930
13900001931,123456,d3b1294a61a07da9b49b6e22b2cbd7f9,jmeter_1931
13900001932,123456,d3b1294a61a07da9b49b6e22b2cbd7f9,jmeter_1932
13900001933,123456,d3b1294a61a07da9b49b6e22b2cbd7f9,jmeter_1933
13900001934,123456,d3b1294a61a07da9b49b6e22b2cbd7f9,jmeter_1934
13900001935,123456,d3b1294a61a07da9b49b6e22b2cbd7f9,jmeter_1935
13900001936,123456,d3b1294a61a07da9b49b6e22b2cbd7f9,jmeter_1936
13900001937,123456,d3b1294a61a07da9b49b6e22b2cbd7f9,jmeter_1937
13900001938,123456,d3b1294a61a07da9b49b6e22b2cbd7f9,jmeter_1938
13900001939,123456,d3b1294a61a07da9b49b6e22b2cbd7f9,jmeter_1939
13900001940,123456,d3b1294a61a07da9b49b6e22b2cbd7f9,jmeter_1940
13900001941,123456,d3b1294a61a07da9b49b6e22b2cbd7f9,jmeter_1941
13900001942,123456,d3b1294a61a07da9b49b6e22b2cbd7f9,jmeter_1942
13900001943,123456,d3b1294a61a07da9b49b6e22b2cbd7f9,jmeter_1943
13900001944,123456,d3b1294a61a07da9b49b6e22b2cbd7f9,jmeter_1944
13900001945,123456,d3b1294a61a07da9b49b6e22b2cbd7f9,jmeter_1945
13900001946,123456,d3b1294a61a07da9b49b6e22b2cbd7f9,jmeter_1946
13900001947,123456,d3b1294a61a07da9b49b6e22b2cbd7f9,jmeter_1947
13900001948,123456,d3b1294a61a07da9b49b6e22b2cbd7f9,jmeter_1948
13900001949,123456,d3b1294a61a07da9b49b6e22b2cbd7f9,jmeter_1949
13900001950,123456,d3b1294a61a07da9b49b6e22b2cbd7f9,jmeter_1950
13900001951,123456,d3b1294a61a07da9b49b6e22b2cbd7f9,jmeter_1951
13900001952,123456,d3b1294a61a07da9b49b6e22b2cbd7f9,jmeter_1952
13900001953,123456,d3b1294a61a07da9b49b6e22b2cbd7f9,jmeter_1953
13900001954,123456,d3b1294a61a07da9b49b6e22b2cbd7f9,jmeter_1954
13900001955,123456,d3b1294a61a07da9b49b6e22b2cbd7f9,jmeter_1955
13900001956,123456,d3b1294a61a07da9b49b6e22b2cbd7f9,jmeter_1956
13900001957,123456,d3b1294a61a07da9b49b6e22b2cbd7f9,jmeter_1957
13900001958,123456,d3b1294a61a07da9b49b6e22b2cbd7f9,jmeter_1958
13900001959,123456,d3b1294a61a07da9b49b6e22b2cbd7f9,jmeter_1959
13900001960,123456,d3b1294a61a07da9b49b6e22b2cbd7f9,jmeter_1960
13900001961,123456,d3b1294a61a07da9b49b6e22b2cbd7f9,jmeter_1961
13900001962,123456,d3b1294a61a07da9b49b6e22b2cbd7f9,jmeter_1962
13900001963,123456,d3b1294a61a07da9b49b6e22b2cbd7f9,jmeter_1963
13900001964,123456,d3b1294a61a07da9b49b6e22b2cbd7f9,jmeter_1964
13900001965,123456,d3b1294a61a07da9b49b6e22b2cbd7f9,jmeter_1965
13900001966,123456,d3b1294a61a07da9b49b6e22b2cbd7f9,jmeter_1966
13900001967,123456,d3b1294a61a07da9b49b6e22b2cbd7f9,jmeter_1967
13900001968,123456,d3b1294a61a07da9b49b6e22b2cbd7f9,jmeter_1968
13900001969,123456,d3b1294a61a07da9b49b6e22b2cbd7f9,jmeter_1969
13900001970,123456,d3b1294a61a07da9b49b6e22b2cbd7f9,jmeter_1970
13900001971,123456,d3b1294a61a07da9b49b6e22b2cbd7f9,jmeter_1971
13900001972,123456,d3b1294a61a07da9b49b6e22b2cbd7f9,jmeter_1972
13900001973,123456,d3b1294a61a07da9b49b6e22b2cbd7f9,jmeter_1973
13900001974,123456,d3b1294a61a07da9b49b6e22b2cbd7f9,jmeter_1974
13900001975,123456,d3b1294a61a07da9b49b6e22b2cbd7f9,jmeter_1975
13900001976,123456,d3b1294a61a07da9b49b6e22b2cbd7f9,jmeter_1976
13900001977,123456,d3b1294a61a07da9b49b6e22b2cbd7f9,jmeter_1977
13900001978,123456,d3b1294a61a07da9b49b6e22b2cbd7f9,jmeter_1978
13900001979,123456,d3b1294a61a07da9b49b6e22b2cbd7f9,jmeter_1979
13900001980,123456,d3b1294a61a07da9b49b6e22b2cbd7f9,jmeter_1980
13900001981,123456,d3b1294a61a07da9b49b6e22b2cbd7f9,jmeter_1981
13900001982,123456,d3b1294a61a07da9b49b6e22b2cbd7f9,jmeter_1982
13900001983,123456,d3b1294a61a07da9b49b6e22b2cbd7f9,jmeter_1983
13900001984,123456,d3b1294a61a07da9b49b6e22b2cbd7f9,jmeter_1984
13900001985,123456,d3b1294a61a07da9b49b6e22b2cbd7f9,jmeter_1985
13900001986,123456,d3b1294a61a07da9b49b6e22b2cbd7f9,jmeter_1986
13900001987,123456,d3b1294a61a07da9b49b6e22b2cbd7f9,jmeter_1987
13900001988,123456,d3b1294a61a07da9b49b6e22b2cbd7f9,jmeter_1988
13900001989,123456,d3b1294a61a07da9b49b6e22b2cbd7f9,jmeter_1989
13900001990,123456,d3b1294a61a07da9b49b6e22b2cbd7f9,jmeter_1990
13900001991,123456,d3b1294a61a07da9b49b6e22b2cbd7f9,jmeter_1991
13900001992,123456,d3b1294a61a07da9b49b6e22b2cbd7f9,jmeter_1992
13900001993,123456,d3b1294a61a07da9b49b6e22b2cbd7f9,jmeter_1993
13900001994,123456,d3b1294a61a07da9b49b6e22b2cbd7f9,jmeter_1994
13900001995,123456,d3b1294a61a07da9b49b6e22b2cbd7f9,jmeter_1995
13900001996,123456,d3b1294a61a07da9b49b6e22b2cbd7f9,jmeter_1996
13900001997,123456,d3b1294a61a07da9b49b6e22b2cbd7f9,jmeter_1997
13900001998,123456,d3b1294a61a07da9b49b6e22b2cbd7f9,jmeter_1998
13900001999,123456,d3b1294a61a07da9b49b6e22b2cbd7f9,jmeter_1999
13900002000,123456,d3b1294a61a07da9b49b6e22b2cbd7f9,jmeter_2000
